participant_ID,program_ID,rm_engagement,gender_female,urm,pre_interest,post_interest
1001,1,3,0,1,4,4
1001,1,2.75,0,1,4,4
1001,1,2.75,0,1,4,4
1001,1,2.5,0,1,4,4
1001,1,3,0,1,4,4
1001,1,2.5,0,1,4,4
1001,1,2.75,0,1,4,4
1001,1,3.25,0,1,4,4
1001,1,3.75,0,1,4,4
1001,1,3,0,1,4,4
1002,1,3.5,1,0,3.6666666666666665,4
1002,1,3.75,1,0,3.6666666666666665,4
1002,1,3.5,1,0,3.6666666666666665,4
1002,1,3.5,1,0,3.6666666666666665,4
1002,1,3.75,1,0,3.6666666666666665,4
1002,1,3.75,1,0,3.6666666666666665,4
1002,1,3,1,0,3.6666666666666665,4
1002,1,2.75,1,0,3.6666666666666665,4
1002,1,4,1,0,3.6666666666666665,4
1002,1,4,1,0,3.6666666666666665,4
1002,1,3.5,1,0,3.6666666666666665,4
1002,1,3.25,1,0,3.6666666666666665,4
1002,1,4,1,0,3.6666666666666665,4
1002,1,4,1,0,3.6666666666666665,4
1002,1,4,1,0,3.6666666666666665,4
1002,1,4,1,0,3.6666666666666665,4
1002,1,4,1,0,3.6666666666666665,4
1002,1,3.25,1,0,3.6666666666666665,4
1002,1,3.5,1,0,3.6666666666666665,4
1002,1,3.75,1,0,3.6666666666666665,4
1002,1,4,1,0,3.6666666666666665,4
1002,1,3,1,0,3.6666666666666665,4
1003,1,2.5,0,0,3.6666666666666665,3.333333333
1003,1,2,0,0,3.6666666666666665,3.333333333
1003,1,3,0,0,3.6666666666666665,3.333333333
1003,1,3.25,0,0,3.6666666666666665,3.333333333
1003,1,2,0,0,3.6666666666666665,3.333333333
1003,1,2.25,0,0,3.6666666666666665,3.333333333
1003,1,2.5,0,0,3.6666666666666665,3.333333333
1003,1,3,0,0,3.6666666666666665,3.333333333
1003,1,2.25,0,0,3.6666666666666665,3.333333333
1003,1,3,0,0,3.6666666666666665,3.333333333
1003,1,2.75,0,0,3.6666666666666665,3.333333333
1003,1,2.75,0,0,3.6666666666666665,3.333333333
1003,1,2.75,0,0,3.6666666666666665,3.333333333
1003,1,2.5,0,0,3.6666666666666665,3.333333333
1003,1,2.75,0,0,3.6666666666666665,3.333333333
1003,1,3,0,0,3.6666666666666665,3.333333333
1004,1,3.5,0,1,1.3333333333333333,4
1004,1,4,0,1,1.3333333333333333,4
1004,1,4,0,1,1.3333333333333333,4
1004,1,4,0,1,1.3333333333333333,4
1004,1,4,0,1,1.3333333333333333,4
1004,1,4,0,1,1.3333333333333333,4
1004,1,4,0,1,1.3333333333333333,4
1004,1,4,0,1,1.3333333333333333,4
1004,1,4,0,1,1.3333333333333333,4
1004,1,4,0,1,1.3333333333333333,4
1004,1,4,0,1,1.3333333333333333,4
1004,1,4,0,1,1.3333333333333333,4
1004,1,4,0,1,1.3333333333333333,4
1004,1,4,0,1,1.3333333333333333,4
1005,1,3,0,0,3.3333333333333335,3.333333333
1005,1,3.25,0,0,3.3333333333333335,3.333333333
1005,1,3,0,0,3.3333333333333335,3.333333333
1005,1,3,0,0,3.3333333333333335,3.333333333
1005,1,3,0,0,3.3333333333333335,3.333333333
1005,1,3,0,0,3.3333333333333335,3.333333333
1005,1,3,0,0,3.3333333333333335,3.333333333
1005,1,3,0,0,3.3333333333333335,3.333333333
1005,1,2.5,0,0,3.3333333333333335,3.333333333
1005,1,2.5,0,0,3.3333333333333335,3.333333333
1005,1,3,0,0,3.3333333333333335,3.333333333
1005,1,2.75,0,0,3.3333333333333335,3.333333333
1005,1,3,0,0,3.3333333333333335,3.333333333
1005,1,2.75,0,0,3.3333333333333335,3.333333333
1005,1,3,0,0,3.3333333333333335,3.333333333
1005,1,3,0,0,3.3333333333333335,3.333333333
1005,1,2,0,0,3.3333333333333335,3.333333333
1005,1,3,0,0,3.3333333333333335,3.333333333
1005,1,3,0,0,3.3333333333333335,3.333333333
1005,1,3,0,0,3.3333333333333335,3.333333333
1005,1,2.75,0,0,3.3333333333333335,3.333333333
1005,1,2.75,0,0,3.3333333333333335,3.333333333
1005,1,3,0,0,3.3333333333333335,3.333333333
1005,1,2.75,0,0,3.3333333333333335,3.333333333
1006,1,2.25,1,1,3.6666666666666665,NA
1006,1,2,1,1,3.6666666666666665,NA
1006,1,2.25,1,1,3.6666666666666665,NA
1006,1,2.75,1,1,3.6666666666666665,NA
1007,1,2,1,1,3.3333333333333335,2.333333333
1007,1,2.5,1,1,3.3333333333333335,2.333333333
1007,1,2.25,1,1,3.3333333333333335,2.333333333
1007,1,2,1,1,3.3333333333333335,2.333333333
1007,1,2.25,1,1,3.3333333333333335,2.333333333
1007,1,1.75,1,1,3.3333333333333335,2.333333333
1007,1,2.5,1,1,3.3333333333333335,2.333333333
1007,1,2.5,1,1,3.3333333333333335,2.333333333
1007,1,2.25,1,1,3.3333333333333335,2.333333333
1007,1,2.5,1,1,3.3333333333333335,2.333333333
1007,1,2,1,1,3.3333333333333335,2.333333333
1007,1,2.25,1,1,3.3333333333333335,2.333333333
1007,1,2,1,1,3.3333333333333335,2.333333333
1007,1,2.5,1,1,3.3333333333333335,2.333333333
1007,1,2.25,1,1,3.3333333333333335,2.333333333
1007,1,2.25,1,1,3.3333333333333335,2.333333333
1007,1,2,1,1,3.3333333333333335,2.333333333
1007,1,2.25,1,1,3.3333333333333335,2.333333333
1007,1,1,1,1,3.3333333333333335,2.333333333
1007,1,2,1,1,3.3333333333333335,2.333333333
1007,1,2,1,1,3.3333333333333335,2.333333333
1007,1,2.25,1,1,3.3333333333333335,2.333333333
1007,1,2,1,1,3.3333333333333335,2.333333333
1008,1,1.75,1,1,4,4
1008,1,2.5,1,1,4,4
1008,1,2.5,1,1,4,4
1008,1,2.25,1,1,4,4
1008,1,2.5,1,1,4,4
1008,1,1.75,1,1,4,4
1008,1,1.5,1,1,4,4
1008,1,1.25,1,1,4,4
1008,1,2.5,1,1,4,4
1008,1,3.25,1,1,4,4
1008,1,1.25,1,1,4,4
1008,1,2,1,1,4,4
1008,1,2.75,1,1,4,4
1008,1,1.75,1,1,4,4
1008,1,1,1,1,4,4
1008,1,2.5,1,1,4,4
1009,1,3,0,1,4,4
1009,1,2,0,1,4,4
1009,1,3.5,0,1,4,4
1009,1,3.25,0,1,4,4
1009,1,2.25,0,1,4,4
1009,1,2.25,0,1,4,4
1009,1,2.25,0,1,4,4
1009,1,2.25,0,1,4,4
1009,1,2.25,0,1,4,4
1009,1,2.25,0,1,4,4
1009,1,2.25,0,1,4,4
1010,1,3.25,0,1,3,3
1010,1,4,0,1,3,3
1010,1,2.5,0,1,3,3
1010,1,2.75,0,1,3,3
1010,1,3,0,1,3,3
1010,1,3.25,0,1,3,3
1010,1,3,0,1,3,3
1010,1,3.25,0,1,3,3
1010,1,3.25,0,1,3,3
1010,1,3,0,1,3,3
1010,1,2.75,0,1,3,3
1010,1,3,0,1,3,3
2012,2,2.5,1,1,1,1
2012,2,3.5,1,1,1,1
2012,2,1.75,1,1,1,1
2012,2,2,1,1,1,1
2012,2,1.75,1,1,1,1
2012,2,3.25,1,1,1,1
2012,2,2.25,1,1,1,1
2012,2,2.5,1,1,1,1
2012,2,3.75,1,1,1,1
2012,2,2.5,1,1,1,1
2012,2,2.25,1,1,1,1
2012,2,1.75,1,1,1,1
2012,2,2,1,1,1,1
2012,2,1.5,1,1,1,1
2012,2,2.25,1,1,1,1
2012,2,2.25,1,1,1,1
2012,2,1.75,1,1,1,1
2012,2,2.5,1,1,1,1
2012,2,2.75,1,1,1,1
2012,2,2.75,1,1,1,1
2013,2,2.25,0,0,1,NA
2013,2,1.5,0,0,1,NA
2013,2,1.75,0,0,1,NA
2013,2,1,0,0,1,NA
2013,2,2.5,0,0,1,NA
2013,2,2,0,0,1,NA
2013,2,1.5,0,0,1,NA
2013,2,1.75,0,0,1,NA
2013,2,1.5,0,0,1,NA
2013,2,2.5,0,0,1,NA
2013,2,1,0,0,1,NA
2013,2,1.75,0,0,1,NA
2014,2,2,1,1,1.6666666666666667,2.333333333
2014,2,2.5,1,1,1.6666666666666667,2.333333333
2014,2,2.5,1,1,1.6666666666666667,2.333333333
2014,2,3.75,1,1,1.6666666666666667,2.333333333
2014,2,1.75,1,1,1.6666666666666667,2.333333333
2014,2,3,1,1,1.6666666666666667,2.333333333
2014,2,2.75,1,1,1.6666666666666667,2.333333333
2014,2,3,1,1,1.6666666666666667,2.333333333
2014,2,3,1,1,1.6666666666666667,2.333333333
2014,2,3,1,1,1.6666666666666667,2.333333333
2014,2,2.5,1,1,1.6666666666666667,2.333333333
2014,2,3.25,1,1,1.6666666666666667,2.333333333
2014,2,3,1,1,1.6666666666666667,2.333333333
2014,2,2.75,1,1,1.6666666666666667,2.333333333
2014,2,3,1,1,1.6666666666666667,2.333333333
2014,2,3.25,1,1,1.6666666666666667,2.333333333
2014,2,2.5,1,1,1.6666666666666667,2.333333333
2014,2,2.5,1,1,1.6666666666666667,2.333333333
2014,2,2.5,1,1,1.6666666666666667,2.333333333
2014,2,3,1,1,1.6666666666666667,2.333333333
2015,2,3.5,0,1,2,2
2015,2,3.25,0,1,2,2
2015,2,3.5,0,1,2,2
2015,2,3.25,0,1,2,2
2015,2,4,0,1,2,2
2015,2,3,0,1,2,2
2015,2,3.5,0,1,2,2
2015,2,3.5,0,1,2,2
2015,2,3,0,1,2,2
2015,2,3,0,1,2,2
2015,2,3.25,0,1,2,2
2015,2,4,0,1,2,2
2015,2,3.5,0,1,2,2
2015,2,3.75,0,1,2,2
2015,2,3.75,0,1,2,2
2015,2,3,0,1,2,2
2018,2,1.75,1,0,3,2.333333333
2018,2,2,1,0,3,2.333333333
2018,2,2,1,0,3,2.333333333
2018,2,2,1,0,3,2.333333333
2018,2,1,1,0,3,2.333333333
2018,2,2.5,1,0,3,2.333333333
2018,2,2,1,0,3,2.333333333
2018,2,2,1,0,3,2.333333333
2018,2,2.5,1,0,3,2.333333333
2018,2,2,1,0,3,2.333333333
2018,2,2,1,0,3,2.333333333
2018,2,2,1,0,3,2.333333333
2018,2,2.5,1,0,3,2.333333333
2018,2,2,1,0,3,2.333333333
2018,2,2,1,0,3,2.333333333
2018,2,2,1,0,3,2.333333333
2018,2,2.25,1,0,3,2.333333333
2018,2,2,1,0,3,2.333333333
2018,2,1.25,1,0,3,2.333333333
2018,2,1.75,1,0,3,2.333333333
2018,2,1.75,1,0,3,2.333333333
2018,2,2.25,1,0,3,2.333333333
2018,2,1.5,1,0,3,2.333333333
2018,2,2,1,0,3,2.333333333
2019,2,2,1,1,2.3333333333333335,2.666666667
2019,2,3,1,1,2.3333333333333335,2.666666667
2019,2,2.25,1,1,2.3333333333333335,2.666666667
2019,2,2,1,1,2.3333333333333335,2.666666667
2019,2,2,1,1,2.3333333333333335,2.666666667
2019,2,2,1,1,2.3333333333333335,2.666666667
2019,2,2,1,1,2.3333333333333335,2.666666667
2019,2,2,1,1,2.3333333333333335,2.666666667
2019,2,2,1,1,2.3333333333333335,2.666666667
2019,2,2,1,1,2.3333333333333335,2.666666667
2019,2,2,1,1,2.3333333333333335,2.666666667
2019,2,2,1,1,2.3333333333333335,2.666666667
2019,2,2,1,1,2.3333333333333335,2.666666667
2019,2,2,1,1,2.3333333333333335,2.666666667
2019,2,2,1,1,2.3333333333333335,2.666666667
2019,2,2.25,1,1,2.3333333333333335,2.666666667
2019,2,1.75,1,1,2.3333333333333335,2.666666667
2019,2,2,1,1,2.3333333333333335,2.666666667
2019,2,2,1,1,2.3333333333333335,2.666666667
2019,2,2,1,1,2.3333333333333335,2.666666667
2019,2,2,1,1,2.3333333333333335,2.666666667
2019,2,2,1,1,2.3333333333333335,2.666666667
2019,2,2,1,1,2.3333333333333335,2.666666667
2020,2,2.25,1,1,1,NA
2020,2,2.5,1,1,1,NA
2020,2,1.75,1,1,1,NA
2020,2,2,1,1,1,NA
2020,2,2.25,1,1,1,NA
2020,2,1.5,1,1,1,NA
2020,2,2,1,1,1,NA
2021,2,2,1,1,1,1.666666667
2021,2,2,1,1,1,1.666666667
2021,2,2.25,1,1,1,1.666666667
2021,2,3,1,1,1,1.666666667
2021,2,2.75,1,1,1,1.666666667
2021,2,2.25,1,1,1,1.666666667
2021,2,2.5,1,1,1,1.666666667
2021,2,2.5,1,1,1,1.666666667
2021,2,3,1,1,1,1.666666667
2021,2,2,1,1,1,1.666666667
2021,2,2.25,1,1,1,1.666666667
2021,2,2.5,1,1,1,1.666666667
2021,2,2.75,1,1,1,1.666666667
2021,2,2.25,1,1,1,1.666666667
2021,2,2.25,1,1,1,1.666666667
2021,2,1.75,1,1,1,1.666666667
2021,2,2.5,1,1,1,1.666666667
2022,2,2.5,1,1,3,3
2022,2,3.5,1,1,3,3
2022,2,3,1,1,3,3
2022,2,2.5,1,1,3,3
2022,2,2.25,1,1,3,3
2022,2,2,1,1,3,3
2022,2,3,1,1,3,3
2022,2,2.75,1,1,3,3
2022,2,2.25,1,1,3,3
2022,2,2.5,1,1,3,3
2022,2,3,1,1,3,3
2022,2,2.75,1,1,3,3
2022,2,2.25,1,1,3,3
2022,2,2.25,1,1,3,3
2022,2,2.25,1,1,3,3
2022,2,2.25,1,1,3,3
2022,2,2.25,1,1,3,3
2022,2,1.5,1,1,3,3
2022,2,2.25,1,1,3,3
2023,2,1.5,1,1,1,1.333333333
2023,2,1.5,1,1,1,1.333333333
2023,2,2.75,1,1,1,1.333333333
2023,2,1.25,1,1,1,1.333333333
2025,2,3.25,1,1,2,2.333333333
2025,2,2.75,1,1,2,2.333333333
2025,2,3.25,1,1,2,2.333333333
2025,2,4,1,1,2,2.333333333
2025,2,3.5,1,1,2,2.333333333
2025,2,3.5,1,1,2,2.333333333
2025,2,3.25,1,1,2,2.333333333
2025,2,3.5,1,1,2,2.333333333
2025,2,3.75,1,1,2,2.333333333
2025,2,3.5,1,1,2,2.333333333
2025,2,4,1,1,2,2.333333333
2025,2,3.5,1,1,2,2.333333333
2025,2,3.75,1,1,2,2.333333333
2025,2,2.25,1,1,2,2.333333333
2025,2,2.75,1,1,2,2.333333333
2025,2,2.75,1,1,2,2.333333333
2025,2,2.75,1,1,2,2.333333333
2025,2,3.25,1,1,2,2.333333333
2025,2,2.75,1,1,2,2.333333333
2025,2,3.25,1,1,2,2.333333333
2025,2,2.5,1,1,2,2.333333333
2025,2,2.75,1,1,2,2.333333333
2038,2,3.5,0,1,2.3333333333333335,NA
2038,2,4,0,1,2.3333333333333335,NA
2038,2,3.5,0,1,2.3333333333333335,NA
2038,2,2.5,0,1,2.3333333333333335,NA
2038,2,2.25,0,1,2.3333333333333335,NA
2038,2,2.75,0,1,2.3333333333333335,NA
2038,2,3.5,0,1,2.3333333333333335,NA
2038,2,4,0,1,2.3333333333333335,NA
2038,2,4,0,1,2.3333333333333335,NA
2038,2,4,0,1,2.3333333333333335,NA
2038,2,2.75,0,1,2.3333333333333335,NA
2038,2,3.25,0,1,2.3333333333333335,NA
2038,2,3.5,0,1,2.3333333333333335,NA
2038,2,4,0,1,2.3333333333333335,NA
2038,2,4,0,1,2.3333333333333335,NA
2038,2,4,0,1,2.3333333333333335,NA
2038,2,2.75,0,1,2.3333333333333335,NA
2038,2,1,0,1,2.3333333333333335,NA
2038,2,4,0,1,2.3333333333333335,NA
2038,2,4,0,1,2.3333333333333335,NA
2038,2,1,0,1,2.3333333333333335,NA
2038,2,3,0,1,2.3333333333333335,NA
2039,2,2.25,1,1,1.3333333333333333,1
2039,2,1.75,1,1,1.3333333333333333,1
2039,2,2.5,1,1,1.3333333333333333,1
2039,2,2.75,1,1,1.3333333333333333,1
2039,2,3.5,1,1,1.3333333333333333,1
2039,2,3.75,1,1,1.3333333333333333,1
2039,2,1.75,1,1,1.3333333333333333,1
2039,2,1.75,1,1,1.3333333333333333,1
2039,2,1.5,1,1,1.3333333333333333,1
2039,2,3.5,1,1,1.3333333333333333,1
2039,2,2.5,1,1,1.3333333333333333,1
2039,2,2,1,1,1.3333333333333333,1
2039,2,2,1,1,1.3333333333333333,1
2039,2,2.25,1,1,1.3333333333333333,1
2039,2,2,1,1,1.3333333333333333,1
2039,2,2.5,1,1,1.3333333333333333,1
2039,2,2,1,1,1.3333333333333333,1
2039,2,2.5,1,1,1.3333333333333333,1
2039,2,2,1,1,1.3333333333333333,1
2039,2,2.5,1,1,1.3333333333333333,1
2039,2,1.75,1,1,1.3333333333333333,1
2039,2,2.75,1,1,1.3333333333333333,1
2039,2,2.25,1,1,1.3333333333333333,1
2040,2,1.5,0,1,NA,1.666666667
2040,2,3,0,1,NA,1.666666667
2040,2,2.25,0,1,NA,1.666666667
2040,2,3.5,0,1,NA,1.666666667
2040,2,1.25,0,1,NA,1.666666667
2040,2,1,0,1,NA,1.666666667
2040,2,1,0,1,NA,1.666666667
2040,2,2.25,0,1,NA,1.666666667
2040,2,1,0,1,NA,1.666666667
2040,2,1,0,1,NA,1.666666667
2040,2,1,0,1,NA,1.666666667
2040,2,1,0,1,NA,1.666666667
2040,2,1,0,1,NA,1.666666667
2040,2,2,0,1,NA,1.666666667
2040,2,1,0,1,NA,1.666666667
2040,2,1,0,1,NA,1.666666667
2040,2,1,0,1,NA,1.666666667
2040,2,1,0,1,NA,1.666666667
2040,2,1,0,1,NA,1.666666667
2040,2,1,0,1,NA,1.666666667
2041,2,3,0,1,2.3333333333333335,1.666666667
2041,2,2,0,1,2.3333333333333335,1.666666667
2041,2,1.25,0,1,2.3333333333333335,1.666666667
2041,2,2,0,1,2.3333333333333335,1.666666667
2041,2,1,0,1,2.3333333333333335,1.666666667
2041,2,1,0,1,2.3333333333333335,1.666666667
2041,2,1.25,0,1,2.3333333333333335,1.666666667
2041,2,1,0,1,2.3333333333333335,1.666666667
2041,2,1.5,0,1,2.3333333333333335,1.666666667
2041,2,1.25,0,1,2.3333333333333335,1.666666667
2041,2,1.25,0,1,2.3333333333333335,1.666666667
2041,2,1.75,0,1,2.3333333333333335,1.666666667
2041,2,1.5,0,1,2.3333333333333335,1.666666667
2041,2,1.75,0,1,2.3333333333333335,1.666666667
2041,2,2.5,0,1,2.3333333333333335,1.666666667
2041,2,1.25,0,1,2.3333333333333335,1.666666667
2041,2,1.75,0,1,2.3333333333333335,1.666666667
2041,2,1,0,1,2.3333333333333335,1.666666667
2041,2,1,0,1,2.3333333333333335,1.666666667
2041,2,1.25,0,1,2.3333333333333335,1.666666667
2041,2,1.25,0,1,2.3333333333333335,1.666666667
2041,2,2.25,0,1,2.3333333333333335,1.666666667
2041,2,4,0,1,2.3333333333333335,1.666666667
2041,2,3,0,1,2.3333333333333335,1.666666667
2042,2,1.75,1,1,1.6666666666666667,1
2042,2,1.25,1,1,1.6666666666666667,1
2042,2,1,1,1,1.6666666666666667,1
2042,2,2.25,1,1,1.6666666666666667,1
2042,2,3,1,1,1.6666666666666667,1
2042,2,2,1,1,1.6666666666666667,1
2042,2,1.5,1,1,1.6666666666666667,1
2042,2,2,1,1,1.6666666666666667,1
2042,2,2,1,1,1.6666666666666667,1
2042,2,1.25,1,1,1.6666666666666667,1
2042,2,2.75,1,1,1.6666666666666667,1
2042,2,3.25,1,1,1.6666666666666667,1
2042,2,2.25,1,1,1.6666666666666667,1
2042,2,2,1,1,1.6666666666666667,1
2042,2,2,1,1,1.6666666666666667,1
2042,2,1,1,1,1.6666666666666667,1
2042,2,1.25,1,1,1.6666666666666667,1
2042,2,1.75,1,1,1.6666666666666667,1
2042,2,1.5,1,1,1.6666666666666667,1
2042,2,2,1,1,1.6666666666666667,1
2042,2,1,1,1,1.6666666666666667,1
2042,2,1.5,1,1,1.6666666666666667,1
2042,2,2,1,1,1.6666666666666667,1
2043,2,4,0,0,3.3333333333333335,4
2043,2,3.5,0,0,3.3333333333333335,4
2043,2,3.75,0,0,3.3333333333333335,4
2043,2,4,0,0,3.3333333333333335,4
2043,2,4,0,0,3.3333333333333335,4
2043,2,4,0,0,3.3333333333333335,4
2043,2,3,0,0,3.3333333333333335,4
2043,2,3,0,0,3.3333333333333335,4
2043,2,4,0,0,3.3333333333333335,4
2043,2,4,0,0,3.3333333333333335,4
2043,2,3.5,0,0,3.3333333333333335,4
2043,2,4,0,0,3.3333333333333335,4
2043,2,4,0,0,3.3333333333333335,4
2043,2,4,0,0,3.3333333333333335,4
2043,2,3.75,0,0,3.3333333333333335,4
2043,2,3.75,0,0,3.3333333333333335,4
2043,2,4,0,0,3.3333333333333335,4
2043,2,4,0,0,3.3333333333333335,4
2043,2,3.75,0,0,3.3333333333333335,4
2043,2,4,0,0,3.3333333333333335,4
2043,2,4,0,0,3.3333333333333335,4
2043,2,4,0,0,3.3333333333333335,4
2043,2,3,0,0,3.3333333333333335,4
2043,2,4,0,0,3.3333333333333335,4
5044,5,3.25,0,1,3,3.333333333
5044,5,4,0,1,3,3.333333333
5044,5,2.5,0,1,3,3.333333333
5044,5,3.75,0,1,3,3.333333333
5044,5,2.25,0,1,3,3.333333333
5044,5,3.5,0,1,3,3.333333333
5044,5,3.25,0,1,3,3.333333333
5044,5,3.25,0,1,3,3.333333333
5044,5,3.75,0,1,3,3.333333333
5044,5,3,0,1,3,3.333333333
2045,2,2.75,1,1,2.6666666666666665,2
2045,2,2.75,1,1,2.6666666666666665,2
2045,2,2,1,1,2.6666666666666665,2
2045,2,1.75,1,1,2.6666666666666665,2
2045,2,3,1,1,2.6666666666666665,2
2045,2,4,1,1,2.6666666666666665,2
2045,2,2,1,1,2.6666666666666665,2
2045,2,2.5,1,1,2.6666666666666665,2
2045,2,2,1,1,2.6666666666666665,2
2045,2,2.5,1,1,2.6666666666666665,2
2045,2,2.75,1,1,2.6666666666666665,2
2045,2,3.75,1,1,2.6666666666666665,2
2045,2,2.75,1,1,2.6666666666666665,2
2045,2,2.25,1,1,2.6666666666666665,2
2045,2,2.25,1,1,2.6666666666666665,2
2046,2,1,0,0,3,2.333333333
2046,2,4,0,0,3,2.333333333
2046,2,3.25,0,0,3,2.333333333
2046,2,4,0,0,3,2.333333333
2046,2,3,0,0,3,2.333333333
2046,2,4,0,0,3,2.333333333
2046,2,4,0,0,3,2.333333333
2046,2,2.75,0,0,3,2.333333333
2046,2,4,0,0,3,2.333333333
2046,2,4,0,0,3,2.333333333
2046,2,3.5,0,0,3,2.333333333
2046,2,4,0,0,3,2.333333333
2046,2,4,0,0,3,2.333333333
2046,2,4,0,0,3,2.333333333
2046,2,4,0,0,3,2.333333333
2046,2,4,0,0,3,2.333333333
2046,2,4,0,0,3,2.333333333
2046,2,4,0,0,3,2.333333333
2046,2,4,0,0,3,2.333333333
2047,2,2.75,1,1,1,NA
2047,2,2.75,1,1,1,NA
2047,2,3.5,1,1,1,NA
2047,2,2.75,1,1,1,NA
2047,2,2,1,1,1,NA
2047,2,2.75,1,1,1,NA
2047,2,1.25,1,1,1,NA
2047,2,3.75,1,1,1,NA
2047,2,3.5,1,1,1,NA
2047,2,4,1,1,1,NA
2047,2,2.75,1,1,1,NA
2047,2,1,1,1,1,NA
2047,2,3.75,1,1,1,NA
2047,2,2.75,1,1,1,NA
2047,2,4,1,1,1,NA
1048,1,3.25,1,0,3.3333333333333335,3
1048,1,3.75,1,0,3.3333333333333335,3
1048,1,2.5,1,0,3.3333333333333335,3
1048,1,3.25,1,0,3.3333333333333335,3
1048,1,3,1,0,3.3333333333333335,3
1048,1,2,1,0,3.3333333333333335,3
1048,1,2,1,0,3.3333333333333335,3
1048,1,2,1,0,3.3333333333333335,3
1048,1,2,1,0,3.3333333333333335,3
1048,1,2,1,0,3.3333333333333335,3
1048,1,2,1,0,3.3333333333333335,3
1048,1,2,1,0,3.3333333333333335,3
8200,8,3.25,0,1,4,NA
8200,8,3.25,0,1,4,NA
8200,8,3.75,0,1,4,NA
8200,8,3.75,0,1,4,NA
8200,8,2.75,0,1,4,NA
8200,8,2.5,0,1,4,NA
8200,8,2,0,1,4,NA
8200,8,2.5,0,1,4,NA
8200,8,2,0,1,4,NA
8200,8,3,0,1,4,NA
8200,8,3.25,0,1,4,NA
8201,8,3,0,0,3,3.333333333
8201,8,2.5,0,0,3,3.333333333
8201,8,2,0,0,3,3.333333333
8201,8,3,0,0,3,3.333333333
8201,8,2.25,0,0,3,3.333333333
8201,8,2.5,0,0,3,3.333333333
8201,8,2.25,0,0,3,3.333333333
8201,8,2,0,0,3,3.333333333
8201,8,2.25,0,0,3,3.333333333
8201,8,2.25,0,0,3,3.333333333
8201,8,2,0,0,3,3.333333333
8201,8,2.25,0,0,3,3.333333333
8201,8,3,0,0,3,3.333333333
8201,8,2.75,0,0,3,3.333333333
8201,8,2,0,0,3,3.333333333
8201,8,1.5,0,0,3,3.333333333
8201,8,2.25,0,0,3,3.333333333
8201,8,1.75,0,0,3,3.333333333
8201,8,2.25,0,0,3,3.333333333
4056,4,3.75,0,1,NA,3.333333333
4056,4,2.5,0,1,NA,3.333333333
4056,4,3.5,0,1,NA,3.333333333
4056,4,3,0,1,NA,3.333333333
4056,4,3,0,1,NA,3.333333333
4056,4,3,0,1,NA,3.333333333
4056,4,2.25,0,1,NA,3.333333333
4056,4,3.25,0,1,NA,3.333333333
4093,4,4,1,1,4,4
4093,4,3.75,1,1,4,4
4093,4,4,1,1,4,4
4093,4,3,1,1,4,4
4093,4,4,1,1,4,4
4093,4,2.75,1,1,4,4
4093,4,3.75,1,1,4,4
4093,4,4,1,1,4,4
4093,4,4,1,1,4,4
4093,4,4,1,1,4,4
4093,4,4,1,1,4,4
4093,4,2,1,1,4,4
4093,4,3,1,1,4,4
4093,4,4,1,1,4,4
4093,4,1.75,1,1,4,4
4093,4,2.25,1,1,4,4
4066,4,2,0,1,3.3333333333333335,NA
4066,4,2,0,1,3.3333333333333335,NA
4066,4,1.75,0,1,3.3333333333333335,NA
4066,4,2.5,0,1,3.3333333333333335,NA
4066,4,2,0,1,3.3333333333333335,NA
4066,4,3,0,1,3.3333333333333335,NA
4066,4,2.5,0,1,3.3333333333333335,NA
4066,4,2.75,0,1,3.3333333333333335,NA
4066,4,2,0,1,3.3333333333333335,NA
4066,4,2.25,0,1,3.3333333333333335,NA
4066,4,1.5,0,1,3.3333333333333335,NA
4066,4,1.25,0,1,3.3333333333333335,NA
4066,4,2.25,0,1,3.3333333333333335,NA
4066,4,1.75,0,1,3.3333333333333335,NA
4066,4,1.5,0,1,3.3333333333333335,NA
4066,4,2.5,0,1,3.3333333333333335,NA
4066,4,3,0,1,3.3333333333333335,NA
4066,4,2.25,0,1,3.3333333333333335,NA
4067,4,3.25,1,1,4,4
4067,4,3.75,1,1,4,4
4067,4,2.25,1,1,4,4
4067,4,2.75,1,1,4,4
4067,4,3.5,1,1,4,4
4067,4,3.25,1,1,4,4
4067,4,2.25,1,1,4,4
4067,4,3.5,1,1,4,4
4067,4,3.25,1,1,4,4
4067,4,2.25,1,1,4,4
4067,4,2.75,1,1,4,4
4067,4,3.75,1,1,4,4
4067,4,3.5,1,1,4,4
4067,4,3.25,1,1,4,4
4067,4,3.25,1,1,4,4
4067,4,2,1,1,4,4
4067,4,2.75,1,1,4,4
4067,4,3.5,1,1,4,4
4067,4,2.5,1,1,4,4
4067,4,2.5,1,1,4,4
4068,4,2.75,1,1,4,3.666666667
4068,4,1.5,1,1,4,3.666666667
4068,4,1.25,1,1,4,3.666666667
4068,4,2.25,1,1,4,3.666666667
4068,4,2.75,1,1,4,3.666666667
4068,4,2.25,1,1,4,3.666666667
4068,4,3,1,1,4,3.666666667
4068,4,2.5,1,1,4,3.666666667
4068,4,3,1,1,4,3.666666667
4068,4,3,1,1,4,3.666666667
4068,4,3.5,1,1,4,3.666666667
4068,4,4,1,1,4,3.666666667
4068,4,4,1,1,4,3.666666667
4068,4,3.5,1,1,4,3.666666667
4068,4,2.75,1,1,4,3.666666667
4068,4,4,1,1,4,3.666666667
4068,4,3.75,1,1,4,3.666666667
4068,4,2.5,1,1,4,3.666666667
4068,4,3.5,1,1,4,3.666666667
4068,4,3.25,1,1,4,3.666666667
4068,4,3.25,1,1,4,3.666666667
4069,4,3,1,1,3,3.333333333
4069,4,2.75,1,1,3,3.333333333
4069,4,3,1,1,3,3.333333333
4069,4,3,1,1,3,3.333333333
4069,4,3,1,1,3,3.333333333
4069,4,3,1,1,3,3.333333333
4069,4,2.75,1,1,3,3.333333333
4069,4,3,1,1,3,3.333333333
4069,4,3,1,1,3,3.333333333
4069,4,2.25,1,1,3,3.333333333
4069,4,3,1,1,3,3.333333333
4069,4,3,1,1,3,3.333333333
4069,4,2.5,1,1,3,3.333333333
4069,4,3,1,1,3,3.333333333
4070,4,4,0,1,4,NA
4070,4,2.75,0,1,4,NA
4070,4,1,0,1,4,NA
4070,4,4,0,1,4,NA
4070,4,4,0,1,4,NA
4070,4,4,0,1,4,NA
4070,4,4,0,1,4,NA
4070,4,4,0,1,4,NA
4070,4,3.75,0,1,4,NA
4070,4,4,0,1,4,NA
4070,4,4,0,1,4,NA
4070,4,4,0,1,4,NA
4070,4,4,0,1,4,NA
4070,4,4,0,1,4,NA
4070,4,4,0,1,4,NA
4070,4,4,0,1,4,NA
4071,4,3.25,0,1,3.6666666666666665,4
4071,4,1.75,0,1,3.6666666666666665,4
4071,4,3.25,0,1,3.6666666666666665,4
4071,4,2,0,1,3.6666666666666665,4
4071,4,1.75,0,1,3.6666666666666665,4
4071,4,2.5,0,1,3.6666666666666665,4
4073,4,3.25,0,1,3,3.333333333
4073,4,4,0,1,3,3.333333333
4073,4,4,0,1,3,3.333333333
4073,4,4,0,1,3,3.333333333
4073,4,2.25,0,1,3,3.333333333
4073,4,2.25,0,1,3,3.333333333
4073,4,2.75,0,1,3,3.333333333
4074,4,3.25,0,1,4,NA
4074,4,3,0,1,4,NA
4075,4,2,1,1,3.6666666666666665,3.333333333
4075,4,2.75,1,1,3.6666666666666665,3.333333333
4075,4,2.75,1,1,3.6666666666666665,3.333333333
4075,4,2,1,1,3.6666666666666665,3.333333333
4075,4,2,1,1,3.6666666666666665,3.333333333
4075,4,2,1,1,3.6666666666666665,3.333333333
4075,4,2,1,1,3.6666666666666665,3.333333333
4075,4,2,1,1,3.6666666666666665,3.333333333
4075,4,2,1,1,3.6666666666666665,3.333333333
4075,4,2.25,1,1,3.6666666666666665,3.333333333
4998,4,1,1,1,NA,3.666666667
4998,4,2.5,1,1,NA,3.666666667
4998,4,3.25,1,1,NA,3.666666667
4998,4,2.5,1,1,NA,3.666666667
4998,4,2,1,1,NA,3.666666667
4998,4,2.75,1,1,NA,3.666666667
4998,4,2.75,1,1,NA,3.666666667
4998,4,3.25,1,1,NA,3.666666667
4998,4,3,1,1,NA,3.666666667
4998,4,3,1,1,NA,3.666666667
4998,4,1.25,1,1,NA,3.666666667
4077,4,3.75,1,1,1.6666666666666667,NA
4077,4,2.25,1,1,1.6666666666666667,NA
4077,4,3.75,1,1,1.6666666666666667,NA
4077,4,2,1,1,1.6666666666666667,NA
4077,4,2.25,1,1,1.6666666666666667,NA
4077,4,1.25,1,1,1.6666666666666667,NA
4077,4,1.5,1,1,1.6666666666666667,NA
4078,4,3.5,0,1,2.6666666666666665,3
4078,4,4,0,1,2.6666666666666665,3
4078,4,2.25,0,1,2.6666666666666665,3
4078,4,2.25,0,1,2.6666666666666665,3
4078,4,3,0,1,2.6666666666666665,3
4078,4,2.75,0,1,2.6666666666666665,3
4078,4,2,0,1,2.6666666666666665,3
4078,4,2,0,1,2.6666666666666665,3
4078,4,2,0,1,2.6666666666666665,3
4078,4,2.5,0,1,2.6666666666666665,3
4078,4,2.5,0,1,2.6666666666666665,3
4078,4,2,0,1,2.6666666666666665,3
4078,4,2,0,1,2.6666666666666665,3
4078,4,3,0,1,2.6666666666666665,3
4078,4,2.75,0,1,2.6666666666666665,3
4079,4,4,0,1,3,3
4079,4,3,0,1,3,3
4079,4,2.75,0,1,3,3
4079,4,3.25,0,1,3,3
4079,4,4,0,1,3,3
4079,4,3,0,1,3,3
4079,4,3.25,0,1,3,3
4079,4,4,0,1,3,3
4079,4,4,0,1,3,3
4079,4,4,0,1,3,3
4079,4,4,0,1,3,3
4079,4,4,0,1,3,3
4079,4,4,0,1,3,3
4079,4,4,0,1,3,3
4079,4,4,0,1,3,3
4079,4,4,0,1,3,3
4079,4,4,0,1,3,3
4080,4,1.25,1,1,3.3333333333333335,2.666666667
4080,4,2,1,1,3.3333333333333335,2.666666667
4080,4,2.75,1,1,3.3333333333333335,2.666666667
4080,4,3.5,1,1,3.3333333333333335,2.666666667
4080,4,3.5,1,1,3.3333333333333335,2.666666667
4080,4,1.75,1,1,3.3333333333333335,2.666666667
4080,4,1.5,1,1,3.3333333333333335,2.666666667
4080,4,2.75,1,1,3.3333333333333335,2.666666667
4080,4,1.75,1,1,3.3333333333333335,2.666666667
4080,4,3.25,1,1,3.3333333333333335,2.666666667
4080,4,3,1,1,3.3333333333333335,2.666666667
4080,4,3,1,1,3.3333333333333335,2.666666667
4080,4,2.25,1,1,3.3333333333333335,2.666666667
4080,4,2.75,1,1,3.3333333333333335,2.666666667
4081,4,3.25,0,1,3,3.666666667
4081,4,1,0,1,3,3.666666667
4081,4,3.25,0,1,3,3.666666667
4081,4,3,0,1,3,3.666666667
4081,4,3.75,0,1,3,3.666666667
4081,4,3.5,0,1,3,3.666666667
4081,4,3.25,0,1,3,3.666666667
4081,4,2.25,0,1,3,3.666666667
4081,4,3.5,0,1,3,3.666666667
4081,4,4,0,1,3,3.666666667
4081,4,2.75,0,1,3,3.666666667
4082,4,3.5,1,1,2.3333333333333335,NA
4082,4,3.25,1,1,2.3333333333333335,NA
4082,4,4,1,1,2.3333333333333335,NA
4083,4,2,0,1,2.3333333333333335,3
4083,4,1.25,0,1,2.3333333333333335,3
4083,4,2.25,0,1,2.3333333333333335,3
4083,4,2,0,1,2.3333333333333335,3
4083,4,4,0,1,2.3333333333333335,3
4083,4,4,0,1,2.3333333333333335,3
4083,4,4,0,1,2.3333333333333335,3
4083,4,3.25,0,1,2.3333333333333335,3
4083,4,3,0,1,2.3333333333333335,3
4083,4,4,0,1,2.3333333333333335,3
4083,4,4,0,1,2.3333333333333335,3
4083,4,4,0,1,2.3333333333333335,3
4083,4,3,0,1,2.3333333333333335,3
4084,4,3.25,0,1,3.6666666666666665,4
4084,4,3,0,1,3.6666666666666665,4
4084,4,3,0,1,3.6666666666666665,4
4084,4,3.5,0,1,3.6666666666666665,4
4084,4,2.75,0,1,3.6666666666666665,4
4084,4,2.75,0,1,3.6666666666666665,4
4084,4,2.5,0,1,3.6666666666666665,4
4084,4,3.75,0,1,3.6666666666666665,4
4084,4,3.25,0,1,3.6666666666666665,4
4084,4,2,0,1,3.6666666666666665,4
4084,4,2.75,0,1,3.6666666666666665,4
4999,4,3,0,1,NA,3
4999,4,3,0,1,NA,3
4999,4,3,0,1,NA,3
4999,4,3,0,1,NA,3
4999,4,3,0,1,NA,3
4999,4,3,0,1,NA,3
4086,4,2.5,1,1,4,3.333333333
4086,4,2.5,1,1,4,3.333333333
4086,4,3,1,1,4,3.333333333
4086,4,3,1,1,4,3.333333333
4086,4,2.75,1,1,4,3.333333333
4086,4,2.5,1,1,4,3.333333333
4086,4,2.75,1,1,4,3.333333333
4086,4,2.75,1,1,4,3.333333333
4086,4,2.25,1,1,4,3.333333333
4086,4,2.75,1,1,4,3.333333333
4086,4,2.25,1,1,4,3.333333333
4086,4,2.25,1,1,4,3.333333333
4086,4,3.25,1,1,4,3.333333333
4086,4,3,1,1,4,3.333333333
4086,4,2.5,1,1,4,3.333333333
4086,4,2.75,1,1,4,3.333333333
4086,4,2.25,1,1,4,3.333333333
4086,4,2.5,1,1,4,3.333333333
4087,4,3.75,0,1,NA,4
4087,4,2.25,0,1,NA,4
4087,4,2.75,0,1,NA,4
4087,4,3,0,1,NA,4
4087,4,3,0,1,NA,4
4087,4,3.5,0,1,NA,4
4087,4,3.5,0,1,NA,4
4087,4,3.5,0,1,NA,4
4087,4,3.5,0,1,NA,4
4087,4,3.5,0,1,NA,4
4088,4,4,1,1,2.6666666666666665,3.666666667
4088,4,1.5,1,1,2.6666666666666665,3.666666667
4088,4,3.75,1,1,2.6666666666666665,3.666666667
4088,4,4,1,1,2.6666666666666665,3.666666667
4088,4,4,1,1,2.6666666666666665,3.666666667
4088,4,3.75,1,1,2.6666666666666665,3.666666667
4089,4,2.75,1,1,NA,1
4089,4,3.5,1,1,NA,1
4089,4,2.25,1,1,NA,1
4089,4,3.5,1,1,NA,1
4089,4,2.5,1,1,NA,1
4089,4,3.25,1,1,NA,1
4089,4,1.75,1,1,NA,1
4089,4,1.75,1,1,NA,1
4090,4,4,1,1,NA,4
4090,4,3,1,1,NA,4
4090,4,3.25,1,1,NA,4
4090,4,3.25,1,1,NA,4
4090,4,2.75,1,1,NA,4
4090,4,2.75,1,1,NA,4
4090,4,3,1,1,NA,4
4090,4,3,1,1,NA,4
4090,4,4,1,1,NA,4
4090,4,3,1,1,NA,4
4091,4,4,0,1,4,1
4091,4,4,0,1,4,1
4091,4,4,0,1,4,1
4091,4,4,0,1,4,1
4091,4,4,0,1,4,1
4091,4,4,0,1,4,1
4091,4,4,0,1,4,1
4091,4,4,0,1,4,1
4091,4,3.5,0,1,4,1
4091,4,4,0,1,4,1
4091,4,3.75,0,1,4,1
4091,4,3.25,0,1,4,1
4091,4,3.25,0,1,4,1
4091,4,4,0,1,4,1
4091,4,1.75,0,1,4,1
4091,4,4,0,1,4,1
4091,4,4,0,1,4,1
4091,4,2,0,1,4,1
4091,4,1,0,1,4,1
4091,4,4,0,1,4,1
4091,4,4,0,1,4,1
4091,4,3.25,0,1,4,1
4091,4,2.5,0,1,4,1
4092,4,2.75,NA,1,3,2.333333333
4092,4,3,NA,1,3,2.333333333
4092,4,2,NA,1,3,2.333333333
4092,4,2.5,NA,1,3,2.333333333
4092,4,2,NA,1,3,2.333333333
4092,4,2.25,NA,1,3,2.333333333
4092,4,1.75,NA,1,3,2.333333333
4092,4,3,NA,1,3,2.333333333
4092,4,3,NA,1,3,2.333333333
4092,4,2.25,NA,1,3,2.333333333
4092,4,2.5,NA,1,3,2.333333333
4092,4,3,NA,1,3,2.333333333
4092,4,2,NA,1,3,2.333333333
4092,4,2.25,NA,1,3,2.333333333
4092,4,3,NA,1,3,2.333333333
4092,4,3,NA,1,3,2.333333333
4095,4,1.75,0,1,1,NA
4095,4,3.25,0,1,1,NA
4095,4,1.75,0,1,1,NA
4095,4,1,0,1,1,NA
4095,4,2.5,0,1,1,NA
4095,4,2,0,1,1,NA
4095,4,2,0,1,1,NA
4095,4,2,0,1,1,NA
4095,4,1,0,1,1,NA
4095,4,1,0,1,1,NA
4096,4,3.5,0,1,2,2
4096,4,3,0,1,2,2
4096,4,2,0,1,2,2
4096,4,2,0,1,2,2
4096,4,3,0,1,2,2
4096,4,2.25,0,1,2,2
4096,4,3,0,1,2,2
4096,4,2.75,0,1,2,2
4096,4,2,0,1,2,2
4096,4,3,0,1,2,2
4096,4,2,0,1,2,2
4096,4,2,0,1,2,2
4096,4,2,0,1,2,2
4096,4,2,0,1,2,2
4096,4,2,0,1,2,2
4096,4,2,0,1,2,2
5098,5,2.5,0,1,3.6666666666666665,3.666666667
5098,5,1,0,1,3.6666666666666665,3.666666667
5098,5,1.5,0,1,3.6666666666666665,3.666666667
5098,5,1,0,1,3.6666666666666665,3.666666667
5098,5,1,0,1,3.6666666666666665,3.666666667
5098,5,1.75,0,1,3.6666666666666665,3.666666667
5098,5,1,0,1,3.6666666666666665,3.666666667
5098,5,2,0,1,3.6666666666666665,3.666666667
5098,5,4,0,1,3.6666666666666665,3.666666667
5098,5,1,0,1,3.6666666666666665,3.666666667
5098,5,4,0,1,3.6666666666666665,3.666666667
5098,5,2.75,0,1,3.6666666666666665,3.666666667
5098,5,1.5,0,1,3.6666666666666665,3.666666667
5098,5,2.75,0,1,3.6666666666666665,3.666666667
5098,5,2.5,0,1,3.6666666666666665,3.666666667
5098,5,2.25,0,1,3.6666666666666665,3.666666667
5098,5,1.75,0,1,3.6666666666666665,3.666666667
5098,5,2.5,0,1,3.6666666666666665,3.666666667
5098,5,2,0,1,3.6666666666666665,3.666666667
5098,5,2.5,0,1,3.6666666666666665,3.666666667
5101,5,2.75,1,1,4,3.333333333
5101,5,4,1,1,4,3.333333333
5101,5,4,1,1,4,3.333333333
5101,5,4,1,1,4,3.333333333
5101,5,4,1,1,4,3.333333333
5101,5,2.5,1,1,4,3.333333333
5101,5,4,1,1,4,3.333333333
5101,5,3.75,1,1,4,3.333333333
5101,5,4,1,1,4,3.333333333
5101,5,4,1,1,4,3.333333333
5101,5,3.25,1,1,4,3.333333333
5101,5,3.75,1,1,4,3.333333333
5101,5,4,1,1,4,3.333333333
5101,5,4,1,1,4,3.333333333
5101,5,2.5,1,1,4,3.333333333
5101,5,3.25,1,1,4,3.333333333
5101,5,4,1,1,4,3.333333333
5101,5,4,1,1,4,3.333333333
5101,5,3.25,1,1,4,3.333333333
5102,5,2.25,0,1,3.6666666666666665,NA
5102,5,1.75,0,1,3.6666666666666665,NA
5102,5,1,0,1,3.6666666666666665,NA
5102,5,1,0,1,3.6666666666666665,NA
5102,5,1,0,1,3.6666666666666665,NA
5102,5,1,0,1,3.6666666666666665,NA
5102,5,1,0,1,3.6666666666666665,NA
5102,5,1,0,1,3.6666666666666665,NA
5104,5,1.5,0,1,4,4
5104,5,2.5,0,1,4,4
5104,5,2.25,0,1,4,4
5104,5,3.5,0,1,4,4
5104,5,1.75,0,1,4,4
5104,5,2.25,0,1,4,4
5104,5,1.75,0,1,4,4
5104,5,2.25,0,1,4,4
5104,5,2.25,0,1,4,4
5104,5,2.25,0,1,4,4
5104,5,4,0,1,4,4
5104,5,3,0,1,4,4
5104,5,3.75,0,1,4,4
5104,5,3,0,1,4,4
5024,5,2.5,0,1,NA,4
5024,5,2.5,0,1,NA,4
5024,5,3,0,1,NA,4
5024,5,2.75,0,1,NA,4
5024,5,3.25,0,1,NA,4
5024,5,2.5,0,1,NA,4
5106,5,3.25,1,1,4,4
5106,5,3,1,1,4,4
5106,5,3.25,1,1,4,4
5106,5,1.5,1,1,4,4
5106,5,3.75,1,1,4,4
5106,5,3.5,1,1,4,4
5106,5,2.25,1,1,4,4
5106,5,3,1,1,4,4
5106,5,3.75,1,1,4,4
5106,5,4,1,1,4,4
5106,5,1,1,1,4,4
5106,5,4,1,1,4,4
5106,5,1,1,1,4,4
5106,5,4,1,1,4,4
5107,5,3.25,0,0,2,4
5107,5,3,0,0,2,4
5107,5,4,0,0,2,4
5107,5,4,0,0,2,4
5107,5,4,0,0,2,4
5107,5,3,0,0,2,4
5107,5,3.75,0,0,2,4
5107,5,3.75,0,0,2,4
5107,5,3,0,0,2,4
5107,5,4,0,0,2,4
5107,5,3,0,0,2,4
5107,5,3,0,0,2,4
5107,5,3,0,0,2,4
5107,5,3,0,0,2,4
5107,5,3,0,0,2,4
5107,5,3,0,0,2,4
5107,5,3,0,0,2,4
5107,5,3,0,0,2,4
5107,5,3,0,0,2,4
5107,5,2.5,0,0,2,4
5107,5,3,0,0,2,4
5108,5,2.5,0,1,4,4
5108,5,2,0,1,4,4
5108,5,3,0,1,4,4
5108,5,3,0,1,4,4
5108,5,2.25,0,1,4,4
5108,5,4,0,1,4,4
5108,5,2.25,0,1,4,4
5108,5,1,0,1,4,4
5109,5,3,1,1,4,NA
5109,5,3.5,1,1,4,NA
5109,5,3.75,1,1,4,NA
5109,5,4,1,1,4,NA
5109,5,3.5,1,1,4,NA
5109,5,2.5,1,1,4,NA
5109,5,1.5,1,1,4,NA
5109,5,2.25,1,1,4,NA
5109,5,3.25,1,1,4,NA
5109,5,2.25,1,1,4,NA
5109,5,2,1,1,4,NA
5110,5,3.75,0,1,4,NA
5110,5,3.75,0,1,4,NA
5110,5,3.75,0,1,4,NA
5110,5,3.75,0,1,4,NA
5110,5,3.75,0,1,4,NA
5110,5,3.75,0,1,4,NA
5110,5,3.5,0,1,4,NA
5110,5,3.75,0,1,4,NA
5110,5,3.75,0,1,4,NA
5110,5,3.75,0,1,4,NA
5110,5,3.25,0,1,4,NA
5110,5,3.25,0,1,4,NA
5110,5,3,0,1,4,NA
5110,5,3.75,0,1,4,NA
5110,5,3.75,0,1,4,NA
5110,5,3.75,0,1,4,NA
5110,5,3.5,0,1,4,NA
5110,5,3.75,0,1,4,NA
5111,5,2.5,0,1,3.6666666666666665,4
5111,5,3,0,1,3.6666666666666665,4
5111,5,4,0,1,3.6666666666666665,4
5111,5,4,0,1,3.6666666666666665,4
5111,5,2,0,1,3.6666666666666665,4
5111,5,2.5,0,1,3.6666666666666665,4
5111,5,1,0,1,3.6666666666666665,4
5111,5,4,0,1,3.6666666666666665,4
5111,5,3.5,0,1,3.6666666666666665,4
5111,5,3.5,0,1,3.6666666666666665,4
5111,5,3,0,1,3.6666666666666665,4
5111,5,1,0,1,3.6666666666666665,4
5111,5,4,0,1,3.6666666666666665,4
5111,5,4,0,1,3.6666666666666665,4
5111,5,4,0,1,3.6666666666666665,4
5111,5,1.75,0,1,3.6666666666666665,4
5111,5,1.5,0,1,3.6666666666666665,4
5111,5,2.75,0,1,3.6666666666666665,4
5111,5,1,0,1,3.6666666666666665,4
5111,5,2.25,0,1,3.6666666666666665,4
5112,5,4,0,1,4,4
5112,5,4,0,1,4,4
5112,5,2.5,0,1,4,4
5112,5,4,0,1,4,4
5112,5,4,0,1,4,4
5112,5,4,0,1,4,4
5112,5,4,0,1,4,4
5112,5,4,0,1,4,4
5112,5,1.25,0,1,4,4
5112,5,4,0,1,4,4
5112,5,4,0,1,4,4
5112,5,4,0,1,4,4
5112,5,3.75,0,1,4,4
5112,5,4,0,1,4,4
5112,5,4,0,1,4,4
5112,5,1,0,1,4,4
5112,5,4,0,1,4,4
5113,5,4,0,1,4,4
5113,5,4,0,1,4,4
5113,5,4,0,1,4,4
5113,5,4,0,1,4,4
5113,5,4,0,1,4,4
5113,5,4,0,1,4,4
5113,5,3.25,0,1,4,4
5113,5,2.5,0,1,4,4
5113,5,4,0,1,4,4
5113,5,4,0,1,4,4
5113,5,4,0,1,4,4
5113,5,4,0,1,4,4
5113,5,4,0,1,4,4
5113,5,4,0,1,4,4
5113,5,4,0,1,4,4
5113,5,4,0,1,4,4
5115,5,2.5,1,1,3.6666666666666665,3.333333333
5115,5,3.5,1,1,3.6666666666666665,3.333333333
5115,5,3.75,1,1,3.6666666666666665,3.333333333
5115,5,2,1,1,3.6666666666666665,3.333333333
5115,5,2.5,1,1,3.6666666666666665,3.333333333
5115,5,3.5,1,1,3.6666666666666665,3.333333333
5115,5,2,1,1,3.6666666666666665,3.333333333
5115,5,2.5,1,1,3.6666666666666665,3.333333333
5115,5,4,1,1,3.6666666666666665,3.333333333
5115,5,2.75,1,1,3.6666666666666665,3.333333333
5115,5,2.75,1,1,3.6666666666666665,3.333333333
5115,5,2,1,1,3.6666666666666665,3.333333333
5115,5,2.25,1,1,3.6666666666666665,3.333333333
5115,5,3,1,1,3.6666666666666665,3.333333333
5115,5,2.5,1,1,3.6666666666666665,3.333333333
5115,5,3.5,1,1,3.6666666666666665,3.333333333
5115,5,2,1,1,3.6666666666666665,3.333333333
5115,5,3,1,1,3.6666666666666665,3.333333333
5115,5,2.5,1,1,3.6666666666666665,3.333333333
5115,5,2.25,1,1,3.6666666666666665,3.333333333
5115,5,2.75,1,1,3.6666666666666665,3.333333333
5116,5,4,0,1,4,4
5116,5,4,0,1,4,4
5116,5,4,0,1,4,4
5116,5,4,0,1,4,4
5116,5,4,0,1,4,4
5116,5,4,0,1,4,4
5116,5,4,0,1,4,4
5116,5,4,0,1,4,4
5116,5,4,0,1,4,4
5116,5,4,0,1,4,4
5116,5,4,0,1,4,4
5118,5,1.5,1,1,4,NA
5118,5,1.75,1,1,4,NA
5118,5,1.75,1,1,4,NA
5118,5,1.75,1,1,4,NA
5118,5,2.5,1,1,4,NA
5118,5,1,1,1,4,NA
5118,5,1,1,1,4,NA
5118,5,1,1,1,4,NA
5118,5,2.5,1,1,4,NA
5118,5,1,1,1,4,NA
5118,5,2.5,1,1,4,NA
5118,5,2.5,1,1,4,NA
5118,5,2.5,1,1,4,NA
5119,5,2,0,1,3.3333333333333335,NA
5119,5,1,0,1,3.3333333333333335,NA
5119,5,1,0,1,3.3333333333333335,NA
5119,5,1,0,1,3.3333333333333335,NA
5119,5,1,0,1,3.3333333333333335,NA
5119,5,1,0,1,3.3333333333333335,NA
5119,5,1,0,1,3.3333333333333335,NA
5119,5,2.5,0,1,3.3333333333333335,NA
5119,5,2.25,0,1,3.3333333333333335,NA
5119,5,1.25,0,1,3.3333333333333335,NA
5119,5,1,0,1,3.3333333333333335,NA
5120,5,3,0,1,4,4
5120,5,1.75,0,1,4,4
5120,5,2,0,1,4,4
5120,5,2.5,0,1,4,4
5120,5,1,0,1,4,4
5120,5,3.25,0,1,4,4
5120,5,2.25,0,1,4,4
5120,5,1.75,0,1,4,4
5120,5,1.25,0,1,4,4
5120,5,2.25,0,1,4,4
5120,5,2,0,1,4,4
5120,5,2.75,0,1,4,4
5120,5,1.75,0,1,4,4
5120,5,1.25,0,1,4,4
5121,5,3.25,1,1,3.6666666666666665,3.666666667
5121,5,2.75,1,1,3.6666666666666665,3.666666667
5121,5,2.5,1,1,3.6666666666666665,3.666666667
5121,5,3,1,1,3.6666666666666665,3.666666667
5121,5,1,1,1,3.6666666666666665,3.666666667
5121,5,1.75,1,1,3.6666666666666665,3.666666667
5121,5,2.5,1,1,3.6666666666666665,3.666666667
5121,5,2.75,1,1,3.6666666666666665,3.666666667
5121,5,3.5,1,1,3.6666666666666665,3.666666667
5121,5,1,1,1,3.6666666666666665,3.666666667
5121,5,2,1,1,3.6666666666666665,3.666666667
5121,5,2.25,1,1,3.6666666666666665,3.666666667
5121,5,2.75,1,1,3.6666666666666665,3.666666667
5121,5,2.5,1,1,3.6666666666666665,3.666666667
5121,5,2.5,1,1,3.6666666666666665,3.666666667
5121,5,2.5,1,1,3.6666666666666665,3.666666667
5121,5,2.75,1,1,3.6666666666666665,3.666666667
5121,5,2.5,1,1,3.6666666666666665,3.666666667
5121,5,2.5,1,1,3.6666666666666665,3.666666667
5122,5,2.5,1,1,4,2.333333333
5122,5,2.5,1,1,4,2.333333333
5122,5,2.25,1,1,4,2.333333333
5122,5,2.75,1,1,4,2.333333333
5122,5,1.5,1,1,4,2.333333333
5122,5,2.5,1,1,4,2.333333333
5122,5,2.75,1,1,4,2.333333333
5122,5,2.5,1,1,4,2.333333333
5122,5,2.5,1,1,4,2.333333333
5122,5,3,1,1,4,2.333333333
5122,5,2.5,1,1,4,2.333333333
5122,5,2.75,1,1,4,2.333333333
5122,5,3,1,1,4,2.333333333
5122,5,2.75,1,1,4,2.333333333
5122,5,3,1,1,4,2.333333333
5122,5,2.75,1,1,4,2.333333333
5122,5,3,1,1,4,2.333333333
5123,5,3,0,1,3.6666666666666665,3.666666667
5123,5,2.75,0,1,3.6666666666666665,3.666666667
5123,5,3,0,1,3.6666666666666665,3.666666667
5123,5,2.5,0,1,3.6666666666666665,3.666666667
5123,5,2.75,0,1,3.6666666666666665,3.666666667
5123,5,3.75,0,1,3.6666666666666665,3.666666667
5123,5,3.25,0,1,3.6666666666666665,3.666666667
5123,5,2.5,0,1,3.6666666666666665,3.666666667
5124,5,1.5,0,1,3.6666666666666665,NA
5124,5,4,0,1,3.6666666666666665,NA
5124,5,2,0,1,3.6666666666666665,NA
5124,5,1.75,0,1,3.6666666666666665,NA
5124,5,1.75,0,1,3.6666666666666665,NA
5124,5,1.25,0,1,3.6666666666666665,NA
5124,5,1,0,1,3.6666666666666665,NA
5125,5,2.5,1,1,3.6666666666666665,3.666666667
5125,5,2.5,1,1,3.6666666666666665,3.666666667
5125,5,2,1,1,3.6666666666666665,3.666666667
5125,5,2.25,1,1,3.6666666666666665,3.666666667
5126,5,3.25,1,1,4,NA
5126,5,2.75,1,1,4,NA
5126,5,2.5,1,1,4,NA
5126,5,3,1,1,4,NA
5126,5,3.25,1,1,4,NA
5126,5,2.75,1,1,4,NA
5126,5,3.5,1,1,4,NA
5126,5,2.75,1,1,4,NA
5126,5,2.75,1,1,4,NA
5126,5,2.75,1,1,4,NA
5126,5,2.25,1,1,4,NA
5126,5,2.5,1,1,4,NA
5126,5,2.75,1,1,4,NA
5126,5,2.25,1,1,4,NA
5126,5,2.5,1,1,4,NA
5128,5,4,1,1,4,4
5128,5,4,1,1,4,4
5128,5,1,1,1,4,4
5128,5,1,1,1,4,4
5129,5,3,1,1,4,3
5129,5,3,1,1,4,3
5129,5,2.75,1,1,4,3
5129,5,3,1,1,4,3
5129,5,1,1,1,4,3
5129,5,1,1,1,4,3
5129,5,2.25,1,1,4,3
5129,5,1.25,1,1,4,3
5129,5,3,1,1,4,3
5129,5,2.25,1,1,4,3
5129,5,2.5,1,1,4,3
5129,5,2.5,1,1,4,3
5129,5,2.25,1,1,4,3
5129,5,2.5,1,1,4,3
6199,6,4,1,1,NA,NA
6199,6,4,1,1,NA,NA
6199,6,3.5,1,1,NA,NA
6199,6,1,1,1,NA,NA
6199,6,4,1,1,NA,NA
6199,6,3.25,1,1,NA,NA
6131,6,3,0,0,3,4
6131,6,3.25,0,0,3,4
6131,6,3.25,0,0,3,4
6131,6,3,0,0,3,4
6131,6,3,0,0,3,4
6131,6,3,0,0,3,4
6131,6,3,0,0,3,4
6131,6,3.25,0,0,3,4
6131,6,3,0,0,3,4
6131,6,3,0,0,3,4
6131,6,3,0,0,3,4
6131,6,3,0,0,3,4
6133,6,3,1,0,2,2
6133,6,3,1,0,2,2
6133,6,3.5,1,0,2,2
6133,6,3,1,0,2,2
6133,6,2.75,1,0,2,2
6133,6,3,1,0,2,2
6133,6,3,1,0,2,2
6133,6,3,1,0,2,2
6133,6,3,1,0,2,2
6133,6,3.75,1,0,2,2
6133,6,2,1,0,2,2
6133,6,2.75,1,0,2,2
6133,6,3.25,1,0,2,2
6133,6,3,1,0,2,2
6133,6,2.25,1,0,2,2
6133,6,3.25,1,0,2,2
6133,6,2.5,1,0,2,2
6133,6,2,1,0,2,2
6133,6,2.25,1,0,2,2
6133,6,2,1,0,2,2
6133,6,2,1,0,2,2
6134,6,4,0,1,4,4
6134,6,4,0,1,4,4
6134,6,4,0,1,4,4
6134,6,4,0,1,4,4
6134,6,1.75,0,1,4,4
6134,6,3.75,0,1,4,4
6134,6,2.5,0,1,4,4
6134,6,3.75,0,1,4,4
6134,6,4,0,1,4,4
6134,6,4,0,1,4,4
6134,6,4,0,1,4,4
6135,6,1.25,1,1,3.3333333333333335,4
6135,6,1.5,1,1,3.3333333333333335,4
6135,6,2.5,1,1,3.3333333333333335,4
6135,6,2,1,1,3.3333333333333335,4
6135,6,1,1,1,3.3333333333333335,4
6135,6,2.5,1,1,3.3333333333333335,4
6135,6,1.75,1,1,3.3333333333333335,4
6135,6,1.25,1,1,3.3333333333333335,4
6135,6,2,1,1,3.3333333333333335,4
6135,6,1.5,1,1,3.3333333333333335,4
6135,6,1,1,1,3.3333333333333335,4
6135,6,1,1,1,3.3333333333333335,4
6135,6,2.5,1,1,3.3333333333333335,4
6135,6,2,1,1,3.3333333333333335,4
6135,6,3,1,1,3.3333333333333335,4
6135,6,3,1,1,3.3333333333333335,4
6136,6,3.75,1,0,4,NA
6136,6,3.25,1,0,4,NA
6136,6,2.75,1,0,4,NA
6136,6,3,1,0,4,NA
6136,6,2.75,1,0,4,NA
6136,6,3.25,1,0,4,NA
6136,6,3,1,0,4,NA
6136,6,2.75,1,0,4,NA
6136,6,3,1,0,4,NA
6136,6,2.75,1,0,4,NA
6137,6,4,0,1,3.3333333333333335,3.666666667
6137,6,4,0,1,3.3333333333333335,3.666666667
6137,6,3.75,0,1,3.3333333333333335,3.666666667
6137,6,2.5,0,1,3.3333333333333335,3.666666667
6137,6,3.25,0,1,3.3333333333333335,3.666666667
6137,6,3.5,0,1,3.3333333333333335,3.666666667
6137,6,4,0,1,3.3333333333333335,3.666666667
6137,6,3,0,1,3.3333333333333335,3.666666667
6137,6,3,0,1,3.3333333333333335,3.666666667
6137,6,3,0,1,3.3333333333333335,3.666666667
6137,6,2.25,0,1,3.3333333333333335,3.666666667
6137,6,2.75,0,1,3.3333333333333335,3.666666667
6137,6,3.25,0,1,3.3333333333333335,3.666666667
6137,6,2.75,0,1,3.3333333333333335,3.666666667
6137,6,1.25,0,1,3.3333333333333335,3.666666667
6138,6,2.5,0,1,2.3333333333333335,NA
6138,6,3.25,0,1,2.3333333333333335,NA
6138,6,2.25,0,1,2.3333333333333335,NA
6138,6,2.75,0,1,2.3333333333333335,NA
6139,6,2.25,0,1,NA,NA
6139,6,2.75,0,1,NA,NA
6139,6,2.25,0,1,NA,NA
6140,6,3.25,0,1,3.6666666666666665,4
6140,6,3,0,1,3.6666666666666665,4
6140,6,4,0,1,3.6666666666666665,4
6140,6,3.75,0,1,3.6666666666666665,4
6140,6,4,0,1,3.6666666666666665,4
6140,6,3.25,0,1,3.6666666666666665,4
6140,6,4,0,1,3.6666666666666665,4
6140,6,3.75,0,1,3.6666666666666665,4
6140,6,4,0,1,3.6666666666666665,4
6140,6,4,0,1,3.6666666666666665,4
6140,6,3.75,0,1,3.6666666666666665,4
6140,6,3.25,0,1,3.6666666666666665,4
6140,6,3.25,0,1,3.6666666666666665,4
6140,6,3,0,1,3.6666666666666665,4
6140,6,3.25,0,1,3.6666666666666665,4
6140,6,2.25,0,1,3.6666666666666665,4
6140,6,4,0,1,3.6666666666666665,4
6140,6,4,0,1,3.6666666666666665,4
6141,6,2.25,1,1,2.6666666666666665,1
6141,6,4,1,1,2.6666666666666665,1
6141,6,2.5,1,1,2.6666666666666665,1
6141,6,3.5,1,1,2.6666666666666665,1
6141,6,1,1,1,2.6666666666666665,1
6141,6,2.75,1,1,2.6666666666666665,1
6141,6,2,1,1,2.6666666666666665,1
6141,6,2.5,1,1,2.6666666666666665,1
6141,6,2,1,1,2.6666666666666665,1
6141,6,1.75,1,1,2.6666666666666665,1
6141,6,1.75,1,1,2.6666666666666665,1
6141,6,3,1,1,2.6666666666666665,1
6141,6,3.25,1,1,2.6666666666666665,1
6141,6,2.25,1,1,2.6666666666666665,1
6142,6,3.5,0,1,3.5,NA
6142,6,3,0,1,3.5,NA
6142,6,3.25,0,1,3.5,NA
6143,6,3,1,1,1.6666666666666667,2.666666667
6143,6,1.25,1,1,1.6666666666666667,2.666666667
6143,6,3,1,1,1.6666666666666667,2.666666667
6143,6,3,1,1,1.6666666666666667,2.666666667
6143,6,3,1,1,1.6666666666666667,2.666666667
6143,6,3.75,1,1,1.6666666666666667,2.666666667
6143,6,3,1,1,1.6666666666666667,2.666666667
6143,6,3,1,1,1.6666666666666667,2.666666667
6143,6,3.25,1,1,1.6666666666666667,2.666666667
6143,6,3.75,1,1,1.6666666666666667,2.666666667
6143,6,3,1,1,1.6666666666666667,2.666666667
6143,6,2.75,1,1,1.6666666666666667,2.666666667
6143,6,3.75,1,1,1.6666666666666667,2.666666667
6143,6,3.25,1,1,1.6666666666666667,2.666666667
6144,6,3,1,1,4,4
6144,6,4,1,1,4,4
6144,6,3.25,1,1,4,4
6144,6,4,1,1,4,4
6144,6,4,1,1,4,4
6144,6,4,1,1,4,4
6144,6,4,1,1,4,4
6144,6,4,1,1,4,4
6144,6,4,1,1,4,4
6144,6,4,1,1,4,4
6144,6,4,1,1,4,4
6145,6,2.25,1,1,NA,4
6145,6,3,1,1,NA,4
6145,6,3,1,1,NA,4
6145,6,2.5,1,1,NA,4
6145,6,3,1,1,NA,4
6145,6,2.75,1,1,NA,4
6145,6,2,1,1,NA,4
6145,6,3,1,1,NA,4
6145,6,1.25,1,1,NA,4
6145,6,3.75,1,1,NA,4
6145,6,3,1,1,NA,4
6145,6,3.25,1,1,NA,4
6145,6,3.25,1,1,NA,4
6145,6,2.75,1,1,NA,4
6146,6,4,1,0,3.6666666666666665,NA
6146,6,3.75,1,0,3.6666666666666665,NA
6146,6,3.75,1,0,3.6666666666666665,NA
6146,6,3.25,1,0,3.6666666666666665,NA
6146,6,4,1,0,3.6666666666666665,NA
6146,6,2.25,1,0,3.6666666666666665,NA
6146,6,2.75,1,0,3.6666666666666665,NA
6146,6,2.5,1,0,3.6666666666666665,NA
6146,6,2.75,1,0,3.6666666666666665,NA
6146,6,3.25,1,0,3.6666666666666665,NA
6146,6,2.25,1,0,3.6666666666666665,NA
6147,6,4,1,0,3.6666666666666665,4
6147,6,3.5,1,0,3.6666666666666665,4
6147,6,3.25,1,0,3.6666666666666665,4
6147,6,1.75,1,0,3.6666666666666665,4
6147,6,4,1,0,3.6666666666666665,4
6147,6,2.5,1,0,3.6666666666666665,4
6147,6,2,1,0,3.6666666666666665,4
6147,6,4,1,0,3.6666666666666665,4
6147,6,3.5,1,0,3.6666666666666665,4
6147,6,3.75,1,0,3.6666666666666665,4
6147,6,2.75,1,0,3.6666666666666665,4
6147,6,3.25,1,0,3.6666666666666665,4
6147,6,3.5,1,0,3.6666666666666665,4
6147,6,3.25,1,0,3.6666666666666665,4
6147,6,3.5,1,0,3.6666666666666665,4
6147,6,3,1,0,3.6666666666666665,4
6147,6,4,1,0,3.6666666666666665,4
6147,6,2.75,1,0,3.6666666666666665,4
6147,6,2.75,1,0,3.6666666666666665,4
6147,6,2.75,1,0,3.6666666666666665,4
6147,6,3.25,1,0,3.6666666666666665,4
6147,6,2.5,1,0,3.6666666666666665,4
6148,6,1.25,1,1,4,3.333333333
6148,6,1.25,1,1,4,3.333333333
6148,6,3.5,1,1,4,3.333333333
6148,6,1.75,1,1,4,3.333333333
6148,6,1,1,1,4,3.333333333
6148,6,2.5,1,1,4,3.333333333
6148,6,1.25,1,1,4,3.333333333
6148,6,1.5,1,1,4,3.333333333
6148,6,1,1,1,4,3.333333333
6148,6,1,1,1,4,3.333333333
6148,6,1.25,1,1,4,3.333333333
6148,6,1.75,1,1,4,3.333333333
6148,6,1,1,1,4,3.333333333
6148,6,3.25,1,1,4,3.333333333
6149,6,3.5,1,1,4,4
6149,6,3,1,1,4,4
6149,6,2.75,1,1,4,4
6149,6,3.5,1,1,4,4
6149,6,2.25,1,1,4,4
6149,6,2,1,1,4,4
6149,6,2.75,1,1,4,4
6149,6,2.5,1,1,4,4
6149,6,2.5,1,1,4,4
6149,6,3,1,1,4,4
6150,6,3.25,1,1,2,2.333333333
6150,6,2.5,1,1,2,2.333333333
6150,6,4,1,1,2,2.333333333
6150,6,3.5,1,1,2,2.333333333
6150,6,2,1,1,2,2.333333333
6150,6,2.5,1,1,2,2.333333333
6150,6,2.25,1,1,2,2.333333333
6150,6,2.5,1,1,2,2.333333333
6150,6,2.75,1,1,2,2.333333333
6150,6,2.75,1,1,2,2.333333333
6150,6,1.75,1,1,2,2.333333333
6150,6,2.25,1,1,2,2.333333333
6151,6,3,1,1,3.6666666666666665,3.333333333
6151,6,3.25,1,1,3.6666666666666665,3.333333333
6151,6,2.75,1,1,3.6666666666666665,3.333333333
6151,6,3.5,1,1,3.6666666666666665,3.333333333
6151,6,4,1,1,3.6666666666666665,3.333333333
6151,6,3.25,1,1,3.6666666666666665,3.333333333
6151,6,3.5,1,1,3.6666666666666665,3.333333333
6151,6,3.5,1,1,3.6666666666666665,3.333333333
6151,6,2.75,1,1,3.6666666666666665,3.333333333
6151,6,3.25,1,1,3.6666666666666665,3.333333333
6151,6,3.25,1,1,3.6666666666666665,3.333333333
6151,6,3.5,1,1,3.6666666666666665,3.333333333
6151,6,2.75,1,1,3.6666666666666665,3.333333333
6151,6,2.75,1,1,3.6666666666666665,3.333333333
6151,6,2.75,1,1,3.6666666666666665,3.333333333
6151,6,2.75,1,1,3.6666666666666665,3.333333333
6153,6,3.25,1,0,NA,2.666666667
6153,6,3.75,1,0,NA,2.666666667
6153,6,4,1,0,NA,2.666666667
6153,6,3,1,0,NA,2.666666667
6153,6,3.75,1,0,NA,2.666666667
6153,6,4,1,0,NA,2.666666667
6153,6,4,1,0,NA,2.666666667
6153,6,4,1,0,NA,2.666666667
6153,6,3.25,1,0,NA,2.666666667
6153,6,3.75,1,0,NA,2.666666667
6153,6,2.75,1,0,NA,2.666666667
6153,6,3.5,1,0,NA,2.666666667
6153,6,3.5,1,0,NA,2.666666667
6153,6,3.25,1,0,NA,2.666666667
6153,6,3,1,0,NA,2.666666667
6155,6,1,1,1,3,4
6155,6,4,1,1,3,4
6155,6,4,1,1,3,4
6155,6,3.25,1,1,3,4
6155,6,4,1,1,3,4
6155,6,3,1,1,3,4
6155,6,4,1,1,3,4
6155,6,3.25,1,1,3,4
6155,6,2,1,1,3,4
6155,6,4,1,1,3,4
6155,6,4,1,1,3,4
6155,6,2.5,1,1,3,4
6155,6,3.25,1,1,3,4
6155,6,4,1,1,3,4
6155,6,3.25,1,1,3,4
6155,6,4,1,1,3,4
6155,6,3.25,1,1,3,4
6155,6,4,1,1,3,4
6155,6,4,1,1,3,4
6156,6,3.5,1,1,2.6666666666666665,NA
6156,6,2.5,1,1,2.6666666666666665,NA
6156,6,4,1,1,2.6666666666666665,NA
6156,6,3.5,1,1,2.6666666666666665,NA
6156,6,2.5,1,1,2.6666666666666665,NA
6156,6,4,1,1,2.6666666666666665,NA
6156,6,3.5,1,1,2.6666666666666665,NA
6156,6,4,1,1,2.6666666666666665,NA
6156,6,1,1,1,2.6666666666666665,NA
6156,6,4,1,1,2.6666666666666665,NA
6156,6,3.25,1,1,2.6666666666666665,NA
6156,6,2.5,1,1,2.6666666666666665,NA
6130,6,2.25,NA,1,NA,3.333333333
6130,6,3.5,NA,1,NA,3.333333333
6130,6,4,NA,1,NA,3.333333333
6130,6,3.75,NA,1,NA,3.333333333
6130,6,3.25,NA,1,NA,3.333333333
6130,6,4,NA,1,NA,3.333333333
6130,6,3.25,NA,1,NA,3.333333333
6130,6,3.25,NA,1,NA,3.333333333
6130,6,2.5,NA,1,NA,3.333333333
6130,6,2.75,NA,1,NA,3.333333333
6130,6,4,NA,1,NA,3.333333333
6130,6,3.75,NA,1,NA,3.333333333
6158,6,4,1,1,3.6666666666666665,4
6158,6,4,1,1,3.6666666666666665,4
6158,6,1,1,1,3.6666666666666665,4
6158,6,3.25,1,1,3.6666666666666665,4
6158,6,1,1,1,3.6666666666666665,4
6158,6,4,1,1,3.6666666666666665,4
6158,6,4,1,1,3.6666666666666665,4
6158,6,4,1,1,3.6666666666666665,4
6158,6,4,1,1,3.6666666666666665,4
6158,6,3,1,1,3.6666666666666665,4
6158,6,1,1,1,3.6666666666666665,4
6158,6,3,1,1,3.6666666666666665,4
6158,6,3.25,1,1,3.6666666666666665,4
6158,6,3,1,1,3.6666666666666665,4
6158,6,3,1,1,3.6666666666666665,4
6158,6,3.75,1,1,3.6666666666666665,4
6158,6,3.75,1,1,3.6666666666666665,4
6159,6,3.75,1,0,3.6666666666666665,4
6159,6,3,1,0,3.6666666666666665,4
6159,6,3.5,1,0,3.6666666666666665,4
6159,6,2.75,1,0,3.6666666666666665,4
6159,6,4,1,0,3.6666666666666665,4
6159,6,1.25,1,0,3.6666666666666665,4
6159,6,3,1,0,3.6666666666666665,4
6159,6,2.25,1,0,3.6666666666666665,4
6159,6,1.5,1,0,3.6666666666666665,4
6159,6,2.75,1,0,3.6666666666666665,4
6159,6,2,1,0,3.6666666666666665,4
6159,6,1,1,0,3.6666666666666665,4
6159,6,1.5,1,0,3.6666666666666665,4
6159,6,3.25,1,0,3.6666666666666665,4
6159,6,1.5,1,0,3.6666666666666665,4
6159,6,3.5,1,0,3.6666666666666665,4
6159,6,2.25,1,0,3.6666666666666665,4
6159,6,2,1,0,3.6666666666666665,4
7160,7,1.25,1,1,2.6666666666666665,2
7160,7,2.25,1,1,2.6666666666666665,2
7160,7,2.25,1,1,2.6666666666666665,2
7160,7,2.25,1,1,2.6666666666666665,2
7160,7,2,1,1,2.6666666666666665,2
7160,7,2.25,1,1,2.6666666666666665,2
7160,7,2.25,1,1,2.6666666666666665,2
7160,7,1.75,1,1,2.6666666666666665,2
7160,7,1.5,1,1,2.6666666666666665,2
7160,7,2,1,1,2.6666666666666665,2
7160,7,2,1,1,2.6666666666666665,2
7160,7,2.75,1,1,2.6666666666666665,2
7160,7,3,1,1,2.6666666666666665,2
7160,7,3.25,1,1,2.6666666666666665,2
7160,7,4,1,1,2.6666666666666665,2
7160,7,2.25,1,1,2.6666666666666665,2
7160,7,4,1,1,2.6666666666666665,2
7160,7,2.75,1,1,2.6666666666666665,2
7160,7,3,1,1,2.6666666666666665,2
7160,7,4,1,1,2.6666666666666665,2
7160,7,2.5,1,1,2.6666666666666665,2
7160,7,2,1,1,2.6666666666666665,2
7160,7,2.75,1,1,2.6666666666666665,2
7161,7,3,0,1,2.6666666666666665,4
7161,7,2.25,0,1,2.6666666666666665,4
7161,7,3.5,0,1,2.6666666666666665,4
7161,7,1,0,1,2.6666666666666665,4
7161,7,3,0,1,2.6666666666666665,4
7161,7,3,0,1,2.6666666666666665,4
7161,7,3,0,1,2.6666666666666665,4
7161,7,2.75,0,1,2.6666666666666665,4
7161,7,4,0,1,2.6666666666666665,4
7161,7,2.5,0,1,2.6666666666666665,4
7161,7,3.25,0,1,2.6666666666666665,4
7161,7,3.25,0,1,2.6666666666666665,4
7161,7,2.5,0,1,2.6666666666666665,4
7161,7,3,0,1,2.6666666666666665,4
7161,7,2.5,0,1,2.6666666666666665,4
7161,7,3.25,0,1,2.6666666666666665,4
7161,7,3.5,0,1,2.6666666666666665,4
7162,7,2.25,0,1,NA,3
7162,7,1.75,0,1,NA,3
7162,7,2.5,0,1,NA,3
7162,7,3.5,0,1,NA,3
7162,7,3,0,1,NA,3
7162,7,2.75,0,1,NA,3
7162,7,2,0,1,NA,3
7162,7,2.75,0,1,NA,3
7162,7,3.5,0,1,NA,3
7163,7,2.5,0,0,2.5,1
7163,7,2.5,0,0,2.5,1
7163,7,2.25,0,0,2.5,1
7163,7,2.25,0,0,2.5,1
7163,7,2.25,0,0,2.5,1
7163,7,2.5,0,0,2.5,1
7163,7,1,0,0,2.5,1
7163,7,1,0,0,2.5,1
7166,7,3.5,0,1,3.3333333333333335,NA
7166,7,3,0,1,3.3333333333333335,NA
7166,7,2.75,0,1,3.3333333333333335,NA
7166,7,3.25,0,1,3.3333333333333335,NA
7167,7,3,1,1,3.6666666666666665,2.333333333
7167,7,2.25,1,1,3.6666666666666665,2.333333333
7167,7,2.5,1,1,3.6666666666666665,2.333333333
7167,7,3.25,1,1,3.6666666666666665,2.333333333
7167,7,2.25,1,1,3.6666666666666665,2.333333333
7167,7,2.75,1,1,3.6666666666666665,2.333333333
7167,7,2,1,1,3.6666666666666665,2.333333333
7167,7,2.5,1,1,3.6666666666666665,2.333333333
7167,7,2.5,1,1,3.6666666666666665,2.333333333
7167,7,2.75,1,1,3.6666666666666665,2.333333333
7167,7,3,1,1,3.6666666666666665,2.333333333
7167,7,2.75,1,1,3.6666666666666665,2.333333333
7167,7,3,1,1,3.6666666666666665,2.333333333
7167,7,4,1,1,3.6666666666666665,2.333333333
7168,7,2.25,0,0,4,4
7168,7,1,0,0,4,4
7168,7,3,0,0,4,4
7168,7,1.75,0,0,4,4
7168,7,1,0,0,4,4
7168,7,4,0,0,4,4
7168,7,4,0,0,4,4
7169,7,3,0,0,1,3
7169,7,4,0,0,1,3
7169,7,2.75,0,0,1,3
7169,7,1,0,0,1,3
7169,7,2.5,0,0,1,3
7169,7,3,0,0,1,3
7169,7,2.75,0,0,1,3
7169,7,1.5,0,0,1,3
7169,7,2.75,0,0,1,3
7169,7,2.75,0,0,1,3
7169,7,2.5,0,0,1,3
7169,7,2.5,0,0,1,3
7169,7,2.5,0,0,1,3
7169,7,3,0,0,1,3
7169,7,3,0,0,1,3
7169,7,2.25,0,0,1,3
7171,7,3.25,1,1,4,NA
7171,7,3.75,1,1,4,NA
7171,7,3.5,1,1,4,NA
7171,7,3.25,1,1,4,NA
7171,7,4,1,1,4,NA
7171,7,4,1,1,4,NA
7171,7,4,1,1,4,NA
7171,7,4,1,1,4,NA
7171,7,4,1,1,4,NA
7171,7,4,1,1,4,NA
7171,7,4,1,1,4,NA
7173,7,3.75,1,1,4,4
7173,7,4,1,1,4,4
7173,7,3.75,1,1,4,4
7173,7,3.75,1,1,4,4
7173,7,4,1,1,4,4
7173,7,4,1,1,4,4
7173,7,4,1,1,4,4
7173,7,2.75,1,1,4,4
7173,7,4,1,1,4,4
7173,7,4,1,1,4,4
7173,7,4,1,1,4,4
7173,7,4,1,1,4,4
7174,7,3.5,1,1,3.6666666666666665,3.666666667
7174,7,3.25,1,1,3.6666666666666665,3.666666667
7174,7,3.25,1,1,3.6666666666666665,3.666666667
7174,7,2.25,1,1,3.6666666666666665,3.666666667
7174,7,3.75,1,1,3.6666666666666665,3.666666667
7174,7,4,1,1,3.6666666666666665,3.666666667
7174,7,4,1,1,3.6666666666666665,3.666666667
7174,7,3.25,1,1,3.6666666666666665,3.666666667
7174,7,3.75,1,1,3.6666666666666665,3.666666667
7174,7,3.5,1,1,3.6666666666666665,3.666666667
7174,7,4,1,1,3.6666666666666665,3.666666667
7174,7,4,1,1,3.6666666666666665,3.666666667
7174,7,4,1,1,3.6666666666666665,3.666666667
7174,7,4,1,1,3.6666666666666665,3.666666667
7174,7,4,1,1,3.6666666666666665,3.666666667
7174,7,2.75,1,1,3.6666666666666665,3.666666667
7174,7,3,1,1,3.6666666666666665,3.666666667
7174,7,2.5,1,1,3.6666666666666665,3.666666667
7174,7,2.25,1,1,3.6666666666666665,3.666666667
7174,7,3,1,1,3.6666666666666665,3.666666667
7174,7,1.5,1,1,3.6666666666666665,3.666666667
7174,7,2.5,1,1,3.6666666666666665,3.666666667
7174,7,1.75,1,1,3.6666666666666665,3.666666667
7174,7,2.75,1,1,3.6666666666666665,3.666666667
7175,7,4,0,1,NA,3.333333333
7175,7,3.5,0,1,NA,3.333333333
7175,7,4,0,1,NA,3.333333333
7175,7,4,0,1,NA,3.333333333
7175,7,4,0,1,NA,3.333333333
7175,7,4,0,1,NA,3.333333333
7175,7,4,0,1,NA,3.333333333
7175,7,4,0,1,NA,3.333333333
7175,7,4,0,1,NA,3.333333333
7179,7,2,1,1,2.5,3.666666667
7179,7,2,1,1,2.5,3.666666667
7179,7,2,1,1,2.5,3.666666667
7179,7,2,1,1,2.5,3.666666667
7179,7,3,1,1,2.5,3.666666667
7179,7,2.5,1,1,2.5,3.666666667
7179,7,2.75,1,1,2.5,3.666666667
7179,7,2.75,1,1,2.5,3.666666667
7179,7,2.25,1,1,2.5,3.666666667
7179,7,2.75,1,1,2.5,3.666666667
7179,7,2,1,1,2.5,3.666666667
7179,7,2.75,1,1,2.5,3.666666667
7179,7,2.5,1,1,2.5,3.666666667
7179,7,2.75,1,1,2.5,3.666666667
7179,7,2.75,1,1,2.5,3.666666667
7180,7,2,1,1,1.6666666666666667,NA
7181,7,3.5,0,0,NA,NA
7181,7,4,0,0,NA,NA
7181,7,1,0,0,NA,NA
7181,7,3.75,0,0,NA,NA
7181,7,3.25,0,0,NA,NA
7181,7,3.5,0,0,NA,NA
7182,7,1.6666666666666667,0,1,3,2.666666667
7182,7,3.3333333333333335,0,1,3,2.666666667
7182,7,3.6666666666666665,0,1,3,2.666666667
7182,7,3,0,1,3,2.666666667
7182,7,3.5,0,1,3,2.666666667
7182,7,2.5,0,1,3,2.666666667
7182,7,3,0,1,3,2.666666667
7182,7,3,0,1,3,2.666666667
7182,7,3.25,0,1,3,2.666666667
7183,7,1,1,1,4,NA
7183,7,1,1,1,4,NA
7183,7,3.75,1,1,4,NA
7183,7,1,1,1,4,NA
7183,7,3.5,1,1,4,NA
7183,7,3.75,1,1,4,NA
7183,7,3.75,1,1,4,NA
7183,7,3.25,1,1,4,NA
7183,7,3.75,1,1,4,NA
7183,7,3.75,1,1,4,NA
7183,7,4,1,1,4,NA
7183,7,3.75,1,1,4,NA
7183,7,3.5,1,1,4,NA
7183,7,3.5,1,1,4,NA
7183,7,2.5,1,1,4,NA
7183,7,4,1,1,4,NA
7163,7,3.25,0,0,2.5,1
7163,7,3.5,0,0,2.5,1
7163,7,2.75,0,0,2.5,1
7163,7,3.25,0,0,2.5,1
7163,7,3.25,0,0,2.5,1
7163,7,3.75,0,0,2.5,1
7163,7,3.25,0,0,2.5,1
7163,7,3.25,0,0,2.5,1
8188,8,3.5,1,1,3.6666666666666665,4
8188,8,4,1,1,3.6666666666666665,4
8188,8,3.75,1,1,3.6666666666666665,4
8188,8,4,1,1,3.6666666666666665,4
8188,8,4,1,1,3.6666666666666665,4
8188,8,4,1,1,3.6666666666666665,4
8188,8,4,1,1,3.6666666666666665,4
8188,8,4,1,1,3.6666666666666665,4
8188,8,3.25,1,1,3.6666666666666665,4
8188,8,4,1,1,3.6666666666666665,4
8188,8,3.25,1,1,3.6666666666666665,4
8188,8,4,1,1,3.6666666666666665,4
8188,8,4,1,1,3.6666666666666665,4
8188,8,4,1,1,3.6666666666666665,4
8188,8,4,1,1,3.6666666666666665,4
8188,8,4,1,1,3.6666666666666665,4
8188,8,4,1,1,3.6666666666666665,4
8188,8,3.25,1,1,3.6666666666666665,4
8188,8,4,1,1,3.6666666666666665,4
8188,8,1,1,1,3.6666666666666665,4
8188,8,3.75,1,1,3.6666666666666665,4
8189,8,4,0,1,3,4
8189,8,4,0,1,3,4
8189,8,3.5,0,1,3,4
8189,8,4,0,1,3,4
8189,8,4,0,1,3,4
8189,8,4,0,1,3,4
8189,8,4,0,1,3,4
8189,8,4,0,1,3,4
8189,8,4,0,1,3,4
8189,8,4,0,1,3,4
8189,8,1,0,1,3,4
8189,8,4,0,1,3,4
8189,8,4,0,1,3,4
8189,8,4,0,1,3,4
8189,8,1,0,1,3,4
8189,8,1,0,1,3,4
8189,8,1,0,1,3,4
8189,8,1.25,0,1,3,4
8189,8,1,0,1,3,4
8190,8,3.25,1,1,3.3333333333333335,3
8190,8,3.25,1,1,3.3333333333333335,3
8190,8,3.25,1,1,3.3333333333333335,3
8190,8,4,1,1,3.3333333333333335,3
8190,8,2.75,1,1,3.3333333333333335,3
8190,8,2.5,1,1,3.3333333333333335,3
8190,8,2.25,1,1,3.3333333333333335,3
8190,8,2.5,1,1,3.3333333333333335,3
8190,8,2.5,1,1,3.3333333333333335,3
8190,8,3,1,1,3.3333333333333335,3
8190,8,2.25,1,1,3.3333333333333335,3
8190,8,2.75,1,1,3.3333333333333335,3
8190,8,2.75,1,1,3.3333333333333335,3
8190,8,2.5,1,1,3.3333333333333335,3
8190,8,2.5,1,1,3.3333333333333335,3
8190,8,2,1,1,3.3333333333333335,3
8190,8,2.25,1,1,3.3333333333333335,3
8190,8,2.5,1,1,3.3333333333333335,3
8190,8,2.5,1,1,3.3333333333333335,3
8190,8,3,1,1,3.3333333333333335,3
8190,8,3,1,1,3.3333333333333335,3
8190,8,2.5,1,1,3.3333333333333335,3
8190,8,2.75,1,1,3.3333333333333335,3
8192,8,4,1,1,1.5,NA
8192,8,3.5,1,1,1.5,NA
8192,8,3.5,1,1,1.5,NA
8192,8,4,1,1,1.5,NA
8192,8,2.5,1,1,1.5,NA
8192,8,1.75,1,1,1.5,NA
8192,8,3,1,1,1.5,NA
8192,8,2.5,1,1,1.5,NA
8194,8,2.75,0,1,4,4
8194,8,3.75,0,1,4,4
8194,8,2.75,0,1,4,4
8194,8,3.75,0,1,4,4
8194,8,3.25,0,1,4,4
8194,8,3.75,0,1,4,4
8194,8,3,0,1,4,4
8194,8,3,0,1,4,4
8194,8,2.75,0,1,4,4
8194,8,3,0,1,4,4
8195,8,1,0,1,3.3333333333333335,NA
8195,8,4,0,1,3.3333333333333335,NA
8195,8,3,0,1,3.3333333333333335,NA
8195,8,2.5,0,1,3.3333333333333335,NA
8195,8,3,0,1,3.3333333333333335,NA
8197,8,4,0,1,3,4
8197,8,3.5,0,1,3,4
8197,8,3.5,0,1,3,4
8197,8,3.25,0,1,3,4
8197,8,3.5,0,1,3,4
8197,8,3.5,0,1,3,4
8197,8,3.5,0,1,3,4
8197,8,3.5,0,1,3,4
8197,8,4,0,1,3,4
8197,8,3.5,0,1,3,4
8197,8,3.5,0,1,3,4
8197,8,3.5,0,1,3,4
8197,8,4,0,1,3,4
8197,8,3.5,0,1,3,4
8197,8,3.5,0,1,3,4
8197,8,3.5,0,1,3,4
8197,8,4,0,1,3,4
8197,8,3.5,0,1,3,4
8197,8,3.5,0,1,3,4
8198,8,4,1,1,2.6666666666666665,NA
8198,8,3.75,1,1,2.6666666666666665,NA
8198,8,3.75,1,1,2.6666666666666665,NA
8198,8,3.25,1,1,2.6666666666666665,NA
8198,8,3.5,1,1,2.6666666666666665,NA
8198,8,3.25,1,1,2.6666666666666665,NA
8198,8,3.25,1,1,2.6666666666666665,NA
8198,8,3,1,1,2.6666666666666665,NA
8198,8,3,1,1,2.6666666666666665,NA
8198,8,3.25,1,1,2.6666666666666665,NA
8198,8,3.25,1,1,2.6666666666666665,NA
8198,8,2.75,1,1,2.6666666666666665,NA
8199,8,3.75,0,0,3.6666666666666665,3.666666667
8199,8,2.5,0,0,3.6666666666666665,3.666666667
8199,8,4,0,0,3.6666666666666665,3.666666667
8199,8,4,0,0,3.6666666666666665,3.666666667
8199,8,3.25,0,0,3.6666666666666665,3.666666667
8199,8,3.5,0,0,3.6666666666666665,3.666666667
8199,8,3.5,0,0,3.6666666666666665,3.666666667
8199,8,2,0,0,3.6666666666666665,3.666666667
8199,8,3.75,0,0,3.6666666666666665,3.666666667
8199,8,3.75,0,0,3.6666666666666665,3.666666667
8199,8,3.5,0,0,3.6666666666666665,3.666666667
8199,8,3.25,0,0,3.6666666666666665,3.666666667
8199,8,3.5,0,0,3.6666666666666665,3.666666667
8199,8,3,0,0,3.6666666666666665,3.666666667
8199,8,3,0,0,3.6666666666666665,3.666666667
8199,8,2.25,0,0,3.6666666666666665,3.666666667
8199,8,2,0,0,3.6666666666666665,3.666666667
8199,8,3.5,0,0,3.6666666666666665,3.666666667
8199,8,1.75,0,0,3.6666666666666665,3.666666667
8199,8,3.5,0,0,3.6666666666666665,3.666666667
8199,8,2.5,0,0,3.6666666666666665,3.666666667
8199,8,2.5,0,0,3.6666666666666665,3.666666667
8199,8,1.75,0,0,3.6666666666666665,3.666666667
8199,8,2.5,0,0,3.6666666666666665,3.666666667
8204,8,3.5,0,1,3,3
8204,8,3.5,0,1,3,3
8204,8,2,0,1,3,3
8204,8,3.25,0,1,3,3
8204,8,3.25,0,1,3,3
8204,8,3,0,1,3,3
8204,8,2,0,1,3,3
8204,8,3,0,1,3,3
8204,8,2,0,1,3,3
8204,8,3,0,1,3,3
8204,8,3,0,1,3,3
8204,8,2.5,0,1,3,3
8204,8,3,0,1,3,3
8204,8,3,0,1,3,3
8204,8,3,0,1,3,3
8204,8,3,0,1,3,3
8204,8,3,0,1,3,3
8204,8,3,0,1,3,3
8204,8,3,0,1,3,3
8204,8,3,0,1,3,3
8204,8,3,0,1,3,3
8204,8,3,0,1,3,3
8205,8,3.75,0,1,3.6666666666666665,3.666666667
8205,8,1.25,0,1,3.6666666666666665,3.666666667
8205,8,2.5,0,1,3.6666666666666665,3.666666667
8205,8,1.5,0,1,3.6666666666666665,3.666666667
8205,8,3.5,0,1,3.6666666666666665,3.666666667
8205,8,2,0,1,3.6666666666666665,3.666666667
8205,8,3.75,0,1,3.6666666666666665,3.666666667
8205,8,1.75,0,1,3.6666666666666665,3.666666667
8205,8,3.25,0,1,3.6666666666666665,3.666666667
8205,8,3.25,0,1,3.6666666666666665,3.666666667
8205,8,3.25,0,1,3.6666666666666665,3.666666667
8205,8,2.5,0,1,3.6666666666666665,3.666666667
8205,8,2,0,1,3.6666666666666665,3.666666667
8205,8,3,0,1,3.6666666666666665,3.666666667
8205,8,3,0,1,3.6666666666666665,3.666666667
8205,8,3,0,1,3.6666666666666665,3.666666667
8205,8,2.25,0,1,3.6666666666666665,3.666666667
8205,8,2.25,0,1,3.6666666666666665,3.666666667
8205,8,2.5,0,1,3.6666666666666665,3.666666667
8205,8,4,0,1,3.6666666666666665,3.666666667
8206,8,2.5,0,1,3,2
8206,8,2.5,0,1,3,2
8206,8,2.75,0,1,3,2
8206,8,3.25,0,1,3,2
8206,8,3,0,1,3,2
8206,8,3.5,0,1,3,2
8206,8,3,0,1,3,2
8206,8,2,0,1,3,2
8206,8,2.5,0,1,3,2
8206,8,2.5,0,1,3,2
8206,8,2,0,1,3,2
8206,8,2.25,0,1,3,2
8207,8,2.75,0,0,2.3333333333333335,3
8207,8,2.25,0,0,2.3333333333333335,3
8207,8,2.25,0,0,2.3333333333333335,3
8207,8,1,0,0,2.3333333333333335,3
8207,8,1,0,0,2.3333333333333335,3
8207,8,1,0,0,2.3333333333333335,3
8207,8,1,0,0,2.3333333333333335,3
8207,8,1,0,0,2.3333333333333335,3
8207,8,1,0,0,2.3333333333333335,3
8207,8,1,0,0,2.3333333333333335,3
8207,8,1,0,0,2.3333333333333335,3
8207,8,1,0,0,2.3333333333333335,3
8207,8,1,0,0,2.3333333333333335,3
8207,8,1,0,0,2.3333333333333335,3
8207,8,1,0,0,2.3333333333333335,3
8208,8,3,0,1,3.3333333333333335,1.666666667
8208,8,3,0,1,3.3333333333333335,1.666666667
8208,8,2.75,0,1,3.3333333333333335,1.666666667
8208,8,3,0,1,3.3333333333333335,1.666666667
8208,8,3.5,0,1,3.3333333333333335,1.666666667
8208,8,2,0,1,3.3333333333333335,1.666666667
8208,8,3,0,1,3.3333333333333335,1.666666667
8208,8,3.25,0,1,3.3333333333333335,1.666666667
8208,8,3.5,0,1,3.3333333333333335,1.666666667
8208,8,2.75,0,1,3.3333333333333335,1.666666667
8208,8,2.75,0,1,3.3333333333333335,1.666666667
8208,8,2.25,0,1,3.3333333333333335,1.666666667
8208,8,3,0,1,3.3333333333333335,1.666666667
8208,8,3,0,1,3.3333333333333335,1.666666667
8208,8,3,0,1,3.3333333333333335,1.666666667
8208,8,2.5,0,1,3.3333333333333335,1.666666667
8208,8,2.75,0,1,3.3333333333333335,1.666666667
8208,8,2.75,0,1,3.3333333333333335,1.666666667
8208,8,3,0,1,3.3333333333333335,1.666666667
8208,8,2.75,0,1,3.3333333333333335,1.666666667
8208,8,2.75,0,1,3.3333333333333335,1.666666667
8208,8,2.25,0,1,3.3333333333333335,1.666666667
8208,8,2.5,0,1,3.3333333333333335,1.666666667
8209,8,4,1,1,2.3333333333333335,3.666666667
8209,8,3.75,1,1,2.3333333333333335,3.666666667
8209,8,4,1,1,2.3333333333333335,3.666666667
8209,8,3.75,1,1,2.3333333333333335,3.666666667
8209,8,2.75,1,1,2.3333333333333335,3.666666667
8209,8,4,1,1,2.3333333333333335,3.666666667
8209,8,3,1,1,2.3333333333333335,3.666666667
8209,8,4,1,1,2.3333333333333335,3.666666667
8209,8,3.25,1,1,2.3333333333333335,3.666666667
8209,8,3.25,1,1,2.3333333333333335,3.666666667
8209,8,4,1,1,2.3333333333333335,3.666666667
8209,8,4,1,1,2.3333333333333335,3.666666667
8209,8,4,1,1,2.3333333333333335,3.666666667
8209,8,4,1,1,2.3333333333333335,3.666666667
8209,8,4,1,1,2.3333333333333335,3.666666667
8209,8,3.75,1,1,2.3333333333333335,3.666666667
8209,8,4,1,1,2.3333333333333335,3.666666667
8209,8,4,1,1,2.3333333333333335,3.666666667
8209,8,4,1,1,2.3333333333333335,3.666666667
8210,8,3.25,0,1,4,4
8210,8,3.25,0,1,4,4
8210,8,4,0,1,4,4
8210,8,4,0,1,4,4
8210,8,4,0,1,4,4
8210,8,4,0,1,4,4
8210,8,4,0,1,4,4
8210,8,3.5,0,1,4,4
8210,8,3,0,1,4,4
8210,8,4,0,1,4,4
8210,8,3.5,0,1,4,4
8210,8,3.25,0,1,4,4
8210,8,4,0,1,4,4
8210,8,3.75,0,1,4,4
8210,8,4,0,1,4,4
8210,8,3.5,0,1,4,4
8210,8,3.75,0,1,4,4
8210,8,3.25,0,1,4,4
8210,8,3.25,0,1,4,4
8210,8,4,0,1,4,4
8210,8,3,0,1,4,4
8210,8,3.75,0,1,4,4
8210,8,3,0,1,4,4
8210,8,3,0,1,4,4
8211,8,2.75,0,1,4,4
8211,8,3.75,0,1,4,4
8211,8,2.75,0,1,4,4
8211,8,2.75,0,1,4,4
8211,8,3,0,1,4,4
8211,8,3,0,1,4,4
8211,8,3.5,0,1,4,4
8211,8,3.25,0,1,4,4
8211,8,3.75,0,1,4,4
8211,8,3,0,1,4,4
8211,8,3.25,0,1,4,4
8211,8,3,0,1,4,4
8211,8,2,0,1,4,4
8211,8,2,0,1,4,4
8211,8,2.5,0,1,4,4
8211,8,2.5,0,1,4,4
8211,8,1.25,0,1,4,4
8212,8,3.25,0,1,3,3
8212,8,3.5,0,1,3,3
8212,8,3.75,0,1,3,3
8212,8,4,0,1,3,3
8212,8,4,0,1,3,3
8212,8,3.5,0,1,3,3
8212,8,1,0,1,3,3
8213,8,4,1,1,4,3
8213,8,1.75,1,1,4,3
8213,8,1,1,1,4,3
8213,8,1.5,1,1,4,3
8213,8,1,1,1,4,3
8213,8,1,1,1,4,3
8213,8,1,1,1,4,3
8213,8,1,1,1,4,3
8213,8,1,1,1,4,3
8213,8,1.25,1,1,4,3
8213,8,3,1,1,4,3
8213,8,1,1,1,4,3
8213,8,1.5,1,1,4,3
8213,8,1.75,1,1,4,3
8213,8,1,1,1,4,3
8213,8,1.75,1,1,4,3
8214,8,3.5,0,1,2.3333333333333335,2.666666667
8214,8,3,0,1,2.3333333333333335,2.666666667
8214,8,1,0,1,2.3333333333333335,2.666666667
8214,8,3.75,0,1,2.3333333333333335,2.666666667
8214,8,1.75,0,1,2.3333333333333335,2.666666667
8214,8,3.5,0,1,2.3333333333333335,2.666666667
8214,8,3.25,0,1,2.3333333333333335,2.666666667
8214,8,3.25,0,1,2.3333333333333335,2.666666667
8214,8,2.5,0,1,2.3333333333333335,2.666666667
8214,8,3.75,0,1,2.3333333333333335,2.666666667
8214,8,2.75,0,1,2.3333333333333335,2.666666667
8214,8,2.25,0,1,2.3333333333333335,2.666666667
8214,8,2.25,0,1,2.3333333333333335,2.666666667
8214,8,2.5,0,1,2.3333333333333335,2.666666667
8214,8,3,0,1,2.3333333333333335,2.666666667
8214,8,1.75,0,1,2.3333333333333335,2.666666667
8214,8,2.75,0,1,2.3333333333333335,2.666666667
8214,8,2.5,0,1,2.3333333333333335,2.666666667
8214,8,2.75,0,1,2.3333333333333335,2.666666667
8215,8,4,1,1,4,4
8215,8,4,1,1,4,4
8215,8,4,1,1,4,4
8215,8,4,1,1,4,4
8215,8,4,1,1,4,4
8215,8,4,1,1,4,4
8215,8,4,1,1,4,4
8215,8,4,1,1,4,4
8215,8,4,1,1,4,4
8215,8,4,1,1,4,4
8215,8,3.75,1,1,4,4
8215,8,4,1,1,4,4
8215,8,4,1,1,4,4
8215,8,4,1,1,4,4
8215,8,4,1,1,4,4
8215,8,4,1,1,4,4
8215,8,4,1,1,4,4
8215,8,4,1,1,4,4
8215,8,4,1,1,4,4
8216,8,1.75,1,1,2.6666666666666665,2
8216,8,1.25,1,1,2.6666666666666665,2
8216,8,2.5,1,1,2.6666666666666665,2
8216,8,4,1,1,2.6666666666666665,2
8216,8,1,1,1,2.6666666666666665,2
8216,8,1,1,1,2.6666666666666665,2
8216,8,4,1,1,2.6666666666666665,2
8216,8,3,1,1,2.6666666666666665,2
8216,8,1.5,1,1,2.6666666666666665,2
8216,8,2.25,1,1,2.6666666666666665,2
8216,8,1.75,1,1,2.6666666666666665,2
8216,8,1.5,1,1,2.6666666666666665,2
8216,8,2,1,1,2.6666666666666665,2
8216,8,1.5,1,1,2.6666666666666665,2
8216,8,1.75,1,1,2.6666666666666665,2
8216,8,1,1,1,2.6666666666666665,2
8216,8,1.75,1,1,2.6666666666666665,2
9217,9,4,1,1,3.3333333333333335,2.333333333
9217,9,3.75,1,1,3.3333333333333335,2.333333333
9217,9,3.75,1,1,3.3333333333333335,2.333333333
9217,9,3.75,1,1,3.3333333333333335,2.333333333
9217,9,3.25,1,1,3.3333333333333335,2.333333333
9217,9,4,1,1,3.3333333333333335,2.333333333
9217,9,2,1,1,3.3333333333333335,2.333333333
9217,9,3.75,1,1,3.3333333333333335,2.333333333
9217,9,3,1,1,3.3333333333333335,2.333333333
9217,9,2.75,1,1,3.3333333333333335,2.333333333
9217,9,2.75,1,1,3.3333333333333335,2.333333333
9217,9,2.75,1,1,3.3333333333333335,2.333333333
9217,9,2.75,1,1,3.3333333333333335,2.333333333
9217,9,2.75,1,1,3.3333333333333335,2.333333333
9217,9,3,1,1,3.3333333333333335,2.333333333
9217,9,2.75,1,1,3.3333333333333335,2.333333333
9217,9,3,1,1,3.3333333333333335,2.333333333
9217,9,2.75,1,1,3.3333333333333335,2.333333333
9217,9,3,1,1,3.3333333333333335,2.333333333
9217,9,3,1,1,3.3333333333333335,2.333333333
9217,9,3,1,1,3.3333333333333335,2.333333333
9217,9,3,1,1,3.3333333333333335,2.333333333
9217,9,3.5,1,1,3.3333333333333335,2.333333333
9217,9,3,1,1,3.3333333333333335,2.333333333
9218,9,3.75,1,1,2,2.666666667
9218,9,3.75,1,1,2,2.666666667
9218,9,4,1,1,2,2.666666667
9218,9,4,1,1,2,2.666666667
9218,9,2.75,1,1,2,2.666666667
9218,9,2.75,1,1,2,2.666666667
9218,9,4,1,1,2,2.666666667
9218,9,4,1,1,2,2.666666667
9218,9,3.5,1,1,2,2.666666667
9218,9,3.75,1,1,2,2.666666667
9218,9,2.75,1,1,2,2.666666667
9218,9,2.5,1,1,2,2.666666667
9218,9,2,1,1,2,2.666666667
9218,9,3.75,1,1,2,2.666666667
9218,9,4,1,1,2,2.666666667
9218,9,4,1,1,2,2.666666667
9218,9,4,1,1,2,2.666666667
9218,9,4,1,1,2,2.666666667
9218,9,4,1,1,2,2.666666667
9218,9,4,1,1,2,2.666666667
9218,9,4,1,1,2,2.666666667
9218,9,4,1,1,2,2.666666667
9218,9,3.25,1,1,2,2.666666667
9218,9,2.5,1,1,2,2.666666667
9219,9,4,0,1,4,4
9219,9,4,0,1,4,4
9219,9,4,0,1,4,4
9219,9,4,0,1,4,4
9219,9,4,0,1,4,4
9219,9,4,0,1,4,4
9219,9,4,0,1,4,4
9219,9,4,0,1,4,4
9219,9,4,0,1,4,4
9219,9,4,0,1,4,4
9219,9,4,0,1,4,4
9219,9,4,0,1,4,4
9219,9,4,0,1,4,4
9219,9,4,0,1,4,4
9219,9,4,0,1,4,4
9219,9,4,0,1,4,4
9219,9,4,0,1,4,4
9219,9,4,0,1,4,4
9219,9,4,0,1,4,4
9219,9,4,0,1,4,4
9219,9,4,0,1,4,4
9219,9,4,0,1,4,4
9219,9,4,0,1,4,4
9219,9,4,0,1,4,4
9220,9,3.25,1,1,NA,3.666666667
9220,9,3.75,1,1,NA,3.666666667
9220,9,4,1,1,NA,3.666666667
9220,9,4,1,1,NA,3.666666667
9220,9,4,1,1,NA,3.666666667
9220,9,2.5,1,1,NA,3.666666667
9220,9,3,1,1,NA,3.666666667
9220,9,1,1,1,NA,3.666666667
9220,9,3.5,1,1,NA,3.666666667
9220,9,3.5,1,1,NA,3.666666667
9220,9,4,1,1,NA,3.666666667
9220,9,4,1,1,NA,3.666666667
9220,9,3,1,1,NA,3.666666667
9220,9,1.5,1,1,NA,3.666666667
9220,9,2.75,1,1,NA,3.666666667
9220,9,1.25,1,1,NA,3.666666667
9220,9,3,1,1,NA,3.666666667
9221,9,2.5,0,1,2.3333333333333335,2.666666667
9221,9,3.25,0,1,2.3333333333333335,2.666666667
9221,9,2.75,0,1,2.3333333333333335,2.666666667
9221,9,3.5,0,1,2.3333333333333335,2.666666667
9221,9,2.25,0,1,2.3333333333333335,2.666666667
9221,9,3,0,1,2.3333333333333335,2.666666667
9221,9,2.75,0,1,2.3333333333333335,2.666666667
9221,9,3.25,0,1,2.3333333333333335,2.666666667
9221,9,2.5,0,1,2.3333333333333335,2.666666667
9221,9,2.25,0,1,2.3333333333333335,2.666666667
9221,9,2.75,0,1,2.3333333333333335,2.666666667
9221,9,3,0,1,2.3333333333333335,2.666666667
9221,9,1.75,0,1,2.3333333333333335,2.666666667
9221,9,3,0,1,2.3333333333333335,2.666666667
9221,9,2.75,0,1,2.3333333333333335,2.666666667
9221,9,2,0,1,2.3333333333333335,2.666666667
9221,9,2.75,0,1,2.3333333333333335,2.666666667
9221,9,3,0,1,2.3333333333333335,2.666666667
9221,9,2.75,0,1,2.3333333333333335,2.666666667
9221,9,1.75,0,1,2.3333333333333335,2.666666667
9239,9,2.75,1,1,2.6666666666666665,3
9239,9,3,1,1,2.6666666666666665,3
9239,9,3,1,1,2.6666666666666665,3
9239,9,3,1,1,2.6666666666666665,3
9239,9,3.5,1,1,2.6666666666666665,3
9239,9,3,1,1,2.6666666666666665,3
9239,9,2.75,1,1,2.6666666666666665,3
9239,9,3,1,1,2.6666666666666665,3
9239,9,2.75,1,1,2.6666666666666665,3
9239,9,4,1,1,2.6666666666666665,3
9239,9,3,1,1,2.6666666666666665,3
9239,9,3,1,1,2.6666666666666665,3
9239,9,3,1,1,2.6666666666666665,3
9239,9,4,1,1,2.6666666666666665,3
9239,9,3.25,1,1,2.6666666666666665,3
9239,9,3,1,1,2.6666666666666665,3
9224,9,3.5,1,1,1,1
9224,9,2.25,1,1,1,1
9224,9,1.5,1,1,1,1
9224,9,2.25,1,1,1,1
9224,9,2.75,1,1,1,1
9224,9,2.25,1,1,1,1
9224,9,2,1,1,1,1
9224,9,2.5,1,1,1,1
9224,9,2.5,1,1,1,1
9224,9,2.25,1,1,1,1
9224,9,2.75,1,1,1,1
9224,9,2.5,1,1,1,1
9224,9,2.5,1,1,1,1
9224,9,3,1,1,1,1
9224,9,2.75,1,1,1,1
9224,9,2.25,1,1,1,1
9224,9,2.75,1,1,1,1
9224,9,2.25,1,1,1,1
9224,9,3,1,1,1,1
9224,9,2.25,1,1,1,1
9224,9,2.75,1,1,1,1
9224,9,2.25,1,1,1,1
9224,9,2.25,1,1,1,1
9224,9,2.75,1,1,1,1
9225,9,3,0,1,3,NA
9225,9,2.75,0,1,3,NA
9225,9,3,0,1,3,NA
9225,9,2.75,0,1,3,NA
9225,9,2,0,1,3,NA
9225,9,3,0,1,3,NA
9225,9,1.25,0,1,3,NA
9225,9,3.25,0,1,3,NA
9225,9,2.75,0,1,3,NA
9225,9,2.5,0,1,3,NA
9225,9,2.5,0,1,3,NA
9228,9,1.25,1,1,2,1.666666667
9228,9,1.25,1,1,2,1.666666667
9228,9,1.75,1,1,2,1.666666667
9228,9,1.75,1,1,2,1.666666667
9228,9,1.25,1,1,2,1.666666667
9228,9,1.75,1,1,2,1.666666667
9228,9,1.75,1,1,2,1.666666667
9228,9,1.5,1,1,2,1.666666667
9228,9,1,1,1,2,1.666666667
9228,9,1.5,1,1,2,1.666666667
9228,9,1.5,1,1,2,1.666666667
9228,9,2,1,1,2,1.666666667
9229,9,1,1,1,3.3333333333333335,2.666666667
9229,9,1.5,1,1,3.3333333333333335,2.666666667
9229,9,1.5,1,1,3.3333333333333335,2.666666667
9229,9,3,1,1,3.3333333333333335,2.666666667
9229,9,3,1,1,3.3333333333333335,2.666666667
9229,9,3,1,1,3.3333333333333335,2.666666667
9229,9,4,1,1,3.3333333333333335,2.666666667
9229,9,4,1,1,3.3333333333333335,2.666666667
9229,9,4,1,1,3.3333333333333335,2.666666667
9229,9,2.75,1,1,3.3333333333333335,2.666666667
9229,9,1.5,1,1,3.3333333333333335,2.666666667
9229,9,3,1,1,3.3333333333333335,2.666666667
9229,9,1,1,1,3.3333333333333335,2.666666667
9229,9,1.5,1,1,3.3333333333333335,2.666666667
9229,9,3.5,1,1,3.3333333333333335,2.666666667
9229,9,1,1,1,3.3333333333333335,2.666666667
9229,9,3,1,1,3.3333333333333335,2.666666667
9229,9,1,1,1,3.3333333333333335,2.666666667
9229,9,1,1,1,3.3333333333333335,2.666666667
9229,9,3,1,1,3.3333333333333335,2.666666667
9229,9,1,1,1,3.3333333333333335,2.666666667
9229,9,2,1,1,3.3333333333333335,2.666666667
9229,9,1,1,1,3.3333333333333335,2.666666667
9231,9,2.5,1,1,3,4
9231,9,3.5,1,1,3,4
9231,9,4,1,1,3,4
9231,9,3,1,1,3,4
9231,9,3.5,1,1,3,4
9231,9,2.25,1,1,3,4
9231,9,3.5,1,1,3,4
9231,9,3.25,1,1,3,4
9231,9,3.25,1,1,3,4
9231,9,3.75,1,1,3,4
9231,9,3,1,1,3,4
9231,9,3.75,1,1,3,4
9231,9,2.5,1,1,3,4
9231,9,3.75,1,1,3,4
9231,9,3.5,1,1,3,4
9231,9,2.75,1,1,3,4
9231,9,2.75,1,1,3,4
9231,9,3.75,1,1,3,4
9231,9,4,1,1,3,4
9231,9,3,1,1,3,4
9231,9,3.25,1,1,3,4
9231,9,2.5,1,1,3,4
9231,9,2.25,1,1,3,4
9231,9,2.75,1,1,3,4
9235,9,3.75,0,0,3,3.666666667
9235,9,3.5,0,0,3,3.666666667
9235,9,3,0,0,3,3.666666667
9235,9,3.75,0,0,3,3.666666667
9235,9,3.5,0,0,3,3.666666667
9235,9,3.25,0,0,3,3.666666667
9235,9,3.25,0,0,3,3.666666667
9235,9,3.5,0,0,3,3.666666667
9235,9,1,0,0,3,3.666666667
9235,9,1,0,0,3,3.666666667
9235,9,3,0,0,3,3.666666667
9235,9,3,0,0,3,3.666666667
9235,9,3.5,0,0,3,3.666666667
9235,9,3.75,0,0,3,3.666666667
9235,9,4,0,0,3,3.666666667
9235,9,3.75,0,0,3,3.666666667
9235,9,3.5,0,0,3,3.666666667
9235,9,4,0,0,3,3.666666667
9235,9,3.5,0,0,3,3.666666667
9235,9,3.75,0,0,3,3.666666667
9235,9,3.75,0,0,3,3.666666667
9235,9,3.5,0,0,3,3.666666667
9235,9,3.75,0,0,3,3.666666667
9235,9,3.75,0,0,3,3.666666667
9237,9,1,1,1,2,4
9237,9,3.75,1,1,2,4
9237,9,4,1,1,2,4
9237,9,4,1,1,2,4
9237,9,1,1,1,2,4
9237,9,2,1,1,2,4
9237,9,2.25,1,1,2,4
9237,9,4,1,1,2,4
9237,9,1,1,1,2,4
9237,9,1.5,1,1,2,4
9237,9,3.25,1,1,2,4
9237,9,3.25,1,1,2,4
9237,9,2.5,1,1,2,4
9237,9,2.25,1,1,2,4
9237,9,3.75,1,1,2,4
9237,9,2,1,1,2,4
9237,9,3.25,1,1,2,4
9237,9,3.5,1,1,2,4
9237,9,3.75,1,1,2,4
9237,9,4,1,1,2,4
9241,9,3.25,1,1,2,3.666666667
9241,9,3.75,1,1,2,3.666666667
9241,9,4,1,1,2,3.666666667
9241,9,4,1,1,2,3.666666667
9241,9,3,1,1,2,3.666666667
9241,9,3,1,1,2,3.666666667
9241,9,2.75,1,1,2,3.666666667
9241,9,3,1,1,2,3.666666667
9241,9,2.5,1,1,2,3.666666667
9241,9,2.75,1,1,2,3.666666667
9241,9,3.25,1,1,2,3.666666667
9241,9,2.75,1,1,2,3.666666667
9241,9,2.5,1,1,2,3.666666667
9241,9,3,1,1,2,3.666666667
9241,9,2.75,1,1,2,3.666666667
9241,9,2.75,1,1,2,3.666666667
9241,9,2.75,1,1,2,3.666666667
9241,9,3.75,1,1,2,3.666666667
9241,9,3,1,1,2,3.666666667
9241,9,3,1,1,2,3.666666667
9241,9,3,1,1,2,3.666666667
9241,9,4,1,1,2,3.666666667
9241,9,2.5,1,1,2,3.666666667
9241,9,3,1,1,2,3.666666667
9240,9,3.75,1,0,4,4
9240,9,4,1,0,4,4
9240,9,2.75,1,0,4,4
9240,9,3.25,1,0,4,4
9240,9,3.25,1,0,4,4
9240,9,4,1,0,4,4
9240,9,4,1,0,4,4
9240,9,3.5,1,0,4,4
9240,9,1,1,0,4,4
9240,9,1.25,1,0,4,4
9240,9,1.75,1,0,4,4
9240,9,3,1,0,4,4
9240,9,4,1,0,4,4
9240,9,4,1,0,4,4
9240,9,3.25,1,0,4,4
9240,9,3.75,1,0,4,4
9240,9,4,1,0,4,4
9240,9,2.5,1,0,4,4
9240,9,1,1,0,4,4
9240,9,3.25,1,0,4,4
9240,9,3.75,1,0,4,4
9240,9,3.5,1,0,4,4
9240,9,2.25,1,0,4,4
9240,9,2.75,1,0,4,4
9242,9,3.5,0,1,4,4
9242,9,3.5,0,1,4,4
9242,9,4,0,1,4,4
9242,9,3.25,0,1,4,4
9242,9,3.25,0,1,4,4
9242,9,4,0,1,4,4
9242,9,4,0,1,4,4
9242,9,4,0,1,4,4
9242,9,4,0,1,4,4
9242,9,3.25,0,1,4,4
9242,9,3.25,0,1,4,4
9242,9,3.25,0,1,4,4
9242,9,3.25,0,1,4,4
9242,9,4,0,1,4,4
9242,9,4,0,1,4,4
9242,9,4,0,1,4,4
9242,9,4,0,1,4,4
9242,9,4,0,1,4,4
9242,9,3.25,0,1,4,4
9242,9,3.25,0,1,4,4
9242,9,4,0,1,4,4
9242,9,3.25,0,1,4,4
9242,9,4,0,1,4,4
9242,9,3.25,0,1,4,4
9244,9,2,1,1,3,1.666666667
9244,9,2.5,1,1,3,1.666666667
9244,9,3,1,1,3,1.666666667
9244,9,3.25,1,1,3,1.666666667
9244,9,2,1,1,3,1.666666667
9244,9,2,1,1,3,1.666666667
9244,9,1.25,1,1,3,1.666666667
9244,9,3,1,1,3,1.666666667
9244,9,1.75,1,1,3,1.666666667
9244,9,2,1,1,3,1.666666667
9244,9,2.25,1,1,3,1.666666667
9244,9,2,1,1,3,1.666666667
9244,9,2.25,1,1,3,1.666666667
9244,9,2,1,1,3,1.666666667
9244,9,2,1,1,3,1.666666667
9244,9,2.25,1,1,3,1.666666667
9244,9,2.25,1,1,3,1.666666667
9244,9,2.5,1,1,3,1.666666667
9244,9,2,1,1,3,1.666666667
9244,9,2.25,1,1,3,1.666666667
9245,9,4,0,1,2.6666666666666665,2.666666667
9245,9,3.25,0,1,2.6666666666666665,2.666666667
9245,9,3,0,1,2.6666666666666665,2.666666667
9245,9,2.5,0,1,2.6666666666666665,2.666666667
9245,9,3.75,0,1,2.6666666666666665,2.666666667
9245,9,3.5,0,1,2.6666666666666665,2.666666667
9245,9,3.5,0,1,2.6666666666666665,2.666666667
9245,9,2.5,0,1,2.6666666666666665,2.666666667
9245,9,3,0,1,2.6666666666666665,2.666666667
9245,9,3.5,0,1,2.6666666666666665,2.666666667
9245,9,3.75,0,1,2.6666666666666665,2.666666667
9245,9,3.5,0,1,2.6666666666666665,2.666666667
9245,9,3.5,0,1,2.6666666666666665,2.666666667
9245,9,4,0,1,2.6666666666666665,2.666666667
9246,9,3.5,0,1,3.6666666666666665,NA
9246,9,2.5,0,1,3.6666666666666665,NA
9246,9,2.75,0,1,3.6666666666666665,NA
9246,9,2.5,0,1,3.6666666666666665,NA
9246,9,2.25,0,1,3.6666666666666665,NA
9246,9,2.75,0,1,3.6666666666666665,NA
9246,9,2.25,0,1,3.6666666666666665,NA
9246,9,2.25,0,1,3.6666666666666665,NA
9246,9,3.5,0,1,3.6666666666666665,NA
9246,9,3.75,0,1,3.6666666666666665,NA
9246,9,2.5,0,1,3.6666666666666665,NA
9246,9,2.75,0,1,3.6666666666666665,NA
9246,9,2.75,0,1,3.6666666666666665,NA
9246,9,1.75,0,1,3.6666666666666665,NA
9246,9,2.75,0,1,3.6666666666666665,NA
9246,9,2.75,0,1,3.6666666666666665,NA
9246,9,2.5,0,1,3.6666666666666665,NA
10248,10,2.5,0,1,2.6666666666666665,1.333333333
10248,10,3.75,0,1,2.6666666666666665,1.333333333
10248,10,3.75,0,1,2.6666666666666665,1.333333333
10248,10,3.25,0,1,2.6666666666666665,1.333333333
10248,10,3.75,0,1,2.6666666666666665,1.333333333
10248,10,4,0,1,2.6666666666666665,1.333333333
10248,10,4,0,1,2.6666666666666665,1.333333333
10248,10,1.75,0,1,2.6666666666666665,1.333333333
10248,10,1.75,0,1,2.6666666666666665,1.333333333
10248,10,3,0,1,2.6666666666666665,1.333333333
10248,10,2.25,0,1,2.6666666666666665,1.333333333
10248,10,1.5,0,1,2.6666666666666665,1.333333333
10248,10,3.75,0,1,2.6666666666666665,1.333333333
10248,10,3.25,0,1,2.6666666666666665,1.333333333
10248,10,3.75,0,1,2.6666666666666665,1.333333333
10248,10,2.25,0,1,2.6666666666666665,1.333333333
10248,10,1.75,0,1,2.6666666666666665,1.333333333
10248,10,1.75,0,1,2.6666666666666665,1.333333333
10248,10,2.5,0,1,2.6666666666666665,1.333333333
10248,10,2.5,0,1,2.6666666666666665,1.333333333
10248,10,3.25,0,1,2.6666666666666665,1.333333333
10249,10,1,0,1,3.6666666666666665,3.666666667
10249,10,3,0,1,3.6666666666666665,3.666666667
10249,10,3.25,0,1,3.6666666666666665,3.666666667
10299,10,2.5,0,1,NA,2.333333333
10299,10,3.5,0,1,NA,2.333333333
10299,10,3,0,1,NA,2.333333333
10299,10,3,0,1,NA,2.333333333
10299,10,3,0,1,NA,2.333333333
10299,10,1,0,1,NA,2.333333333
10299,10,3.5,0,1,NA,2.333333333
10299,10,3,0,1,NA,2.333333333
10299,10,3,0,1,NA,2.333333333
10299,10,3.25,0,1,NA,2.333333333
10299,10,3.5,0,1,NA,2.333333333
10299,10,2.5,0,1,NA,2.333333333
10299,10,2.5,0,1,NA,2.333333333
10299,10,4,0,1,NA,2.333333333
10299,10,3.5,0,1,NA,2.333333333
10299,10,3,0,1,NA,2.333333333
10299,10,2.5,0,1,NA,2.333333333
10299,10,2.5,0,1,NA,2.333333333
10299,10,1.75,0,1,NA,2.333333333
10299,10,2.75,0,1,NA,2.333333333
10251,10,1.75,0,1,4,4
10251,10,3,0,1,4,4
10251,10,3,0,1,4,4
10251,10,3,0,1,4,4
10251,10,3,0,1,4,4
10251,10,3,0,1,4,4
10251,10,3,0,1,4,4
10251,10,3,0,1,4,4
10251,10,3,0,1,4,4
10251,10,3,0,1,4,4
10251,10,3,0,1,4,4
10251,10,3,0,1,4,4
10251,10,3,0,1,4,4
10251,10,3,0,1,4,4
10251,10,3,0,1,4,4
10251,10,3,0,1,4,4
10251,10,3,0,1,4,4
10252,10,2.5,1,0,3.6666666666666665,4
10252,10,4,1,0,3.6666666666666665,4
10252,10,4,1,0,3.6666666666666665,4
10252,10,4,1,0,3.6666666666666665,4
10252,10,4,1,0,3.6666666666666665,4
10252,10,4,1,0,3.6666666666666665,4
10252,10,4,1,0,3.6666666666666665,4
10252,10,4,1,0,3.6666666666666665,4
10252,10,3.25,1,0,3.6666666666666665,4
10252,10,4,1,0,3.6666666666666665,4
10252,10,4,1,0,3.6666666666666665,4
10252,10,4,1,0,3.6666666666666665,4
10252,10,3.75,1,0,3.6666666666666665,4
10252,10,4,1,0,3.6666666666666665,4
10252,10,3.75,1,0,3.6666666666666665,4
10252,10,4,1,0,3.6666666666666665,4
10252,10,3.25,1,0,3.6666666666666665,4
10252,10,3.75,1,0,3.6666666666666665,4
10252,10,3.75,1,0,3.6666666666666665,4
10252,10,2.5,1,0,3.6666666666666665,4
10252,10,3.75,1,0,3.6666666666666665,4
10252,10,3.5,1,0,3.6666666666666665,4
10252,10,3.5,1,0,3.6666666666666665,4
10253,10,1,0,1,2.3333333333333335,3
10253,10,4,0,1,2.3333333333333335,3
10253,10,4,0,1,2.3333333333333335,3
10253,10,4,0,1,2.3333333333333335,3
10253,10,4,0,1,2.3333333333333335,3
10253,10,4,0,1,2.3333333333333335,3
10253,10,4,0,1,2.3333333333333335,3
10253,10,4,0,1,2.3333333333333335,3
10253,10,4,0,1,2.3333333333333335,3
10253,10,4,0,1,2.3333333333333335,3
10253,10,4,0,1,2.3333333333333335,3
10253,10,4,0,1,2.3333333333333335,3
10253,10,4,0,1,2.3333333333333335,3
10253,10,4,0,1,2.3333333333333335,3
10253,10,4,0,1,2.3333333333333335,3
10253,10,4,0,1,2.3333333333333335,3
10253,10,4,0,1,2.3333333333333335,3
10255,10,3,0,1,1,NA
10255,10,1.75,0,1,1,NA
10255,10,3,0,1,1,NA
10255,10,3.5,0,1,1,NA
10255,10,2.5,0,1,1,NA
10255,10,2.5,0,1,1,NA
10255,10,2.5,0,1,1,NA
10257,10,1.25,0,1,3.3333333333333335,2
10257,10,3,0,1,3.3333333333333335,2
10257,10,2.5,0,1,3.3333333333333335,2
10257,10,3,0,1,3.3333333333333335,2
10257,10,2.5,0,1,3.3333333333333335,2
10257,10,2.25,0,1,3.3333333333333335,2
10257,10,2.25,0,1,3.3333333333333335,2
10257,10,2.5,0,1,3.3333333333333335,2
10257,10,1.75,0,1,3.3333333333333335,2
10257,10,2.75,0,1,3.3333333333333335,2
10257,10,2.75,0,1,3.3333333333333335,2
10258,10,2.75,0,1,1,2
10258,10,2.75,0,1,1,2
10258,10,2.5,0,1,1,2
10258,10,2.75,0,1,1,2
10258,10,2.75,0,1,1,2
10258,10,3,0,1,1,2
10258,10,3,0,1,1,2
10258,10,2,0,1,1,2
10259,10,3.75,1,1,2,3
10259,10,3.5,1,1,2,3
10259,10,3.75,1,1,2,3
10259,10,3.5,1,1,2,3
10259,10,4,1,1,2,3
10259,10,3.75,1,1,2,3
10259,10,3.5,1,1,2,3
10259,10,4,1,1,2,3
10259,10,3.5,1,1,2,3
10259,10,4,1,1,2,3
10259,10,4,1,1,2,3
10260,10,4,1,1,3,2
10260,10,4,1,1,3,2
10260,10,4,1,1,3,2
10260,10,4,1,1,3,2
10260,10,4,1,1,3,2
10260,10,4,1,1,3,2
10260,10,4,1,1,3,2
10260,10,4,1,1,3,2
10260,10,4,1,1,3,2
10260,10,4,1,1,3,2
10260,10,4,1,1,3,2
10260,10,4,1,1,3,2
10260,10,4,1,1,3,2
10261,10,2.75,0,1,2.3333333333333335,2.333333333
10261,10,3.75,0,1,2.3333333333333335,2.333333333
10261,10,3.75,0,1,2.3333333333333335,2.333333333
10261,10,3.75,0,1,2.3333333333333335,2.333333333
10261,10,2.5,0,1,2.3333333333333335,2.333333333
10262,10,3.75,1,1,2.6666666666666665,2
10262,10,3,1,1,2.6666666666666665,2
10262,10,3,1,1,2.6666666666666665,2
10262,10,2.5,1,1,2.6666666666666665,2
10262,10,2.5,1,1,2.6666666666666665,2
10262,10,3.75,1,1,2.6666666666666665,2
10262,10,3,1,1,2.6666666666666665,2
10262,10,2.75,1,1,2.6666666666666665,2
10262,10,2.5,1,1,2.6666666666666665,2
10262,10,2.5,1,1,2.6666666666666665,2
10262,10,2.5,1,1,2.6666666666666665,2
10262,10,2.75,1,1,2.6666666666666665,2
10262,10,2.75,1,1,2.6666666666666665,2
10262,10,2.5,1,1,2.6666666666666665,2
10262,10,2.75,1,1,2.6666666666666665,2
10262,10,2.5,1,1,2.6666666666666665,2
10262,10,2.25,1,1,2.6666666666666665,2
10262,10,2.75,1,1,2.6666666666666665,2
10263,10,1.75,0,1,2.3333333333333335,NA
10263,10,1.75,0,1,2.3333333333333335,NA
10263,10,2.25,0,1,2.3333333333333335,NA
10263,10,3.25,0,1,2.3333333333333335,NA
10263,10,2.75,0,1,2.3333333333333335,NA
10263,10,2.75,0,1,2.3333333333333335,NA
10263,10,2.25,0,1,2.3333333333333335,NA
10263,10,2.75,0,1,2.3333333333333335,NA
10263,10,2.75,0,1,2.3333333333333335,NA
10263,10,1,0,1,2.3333333333333335,NA
10263,10,3.5,0,1,2.3333333333333335,NA
10263,10,1,0,1,2.3333333333333335,NA
10263,10,1.25,0,1,2.3333333333333335,NA
10263,10,2.25,0,1,2.3333333333333335,NA
10263,10,1.75,0,1,2.3333333333333335,NA
10265,10,3,1,1,2,2
10265,10,4,1,1,2,2
10265,10,3,1,1,2,2
10265,10,4,1,1,2,2
10265,10,4,1,1,2,2
10265,10,4,1,1,2,2
10265,10,4,1,1,2,2
10266,10,2,1,1,3.3333333333333335,NA
10266,10,3.25,1,1,3.3333333333333335,NA
10266,10,3.25,1,1,3.3333333333333335,NA
10266,10,3.75,1,1,3.3333333333333335,NA
10267,10,1,1,0,1.6666666666666667,1.666666667
10267,10,3.5,1,0,1.6666666666666667,1.666666667
10267,10,3,1,0,1.6666666666666667,1.666666667
10267,10,3.75,1,0,1.6666666666666667,1.666666667
10267,10,2,1,0,1.6666666666666667,1.666666667
10267,10,2.25,1,0,1.6666666666666667,1.666666667
10267,10,1.75,1,0,1.6666666666666667,1.666666667
10267,10,2.5,1,0,1.6666666666666667,1.666666667
10267,10,2.5,1,0,1.6666666666666667,1.666666667
10267,10,2.25,1,0,1.6666666666666667,1.666666667
10267,10,1.5,1,0,1.6666666666666667,1.666666667
10267,10,3,1,0,1.6666666666666667,1.666666667
10267,10,2.25,1,0,1.6666666666666667,1.666666667
10267,10,3,1,0,1.6666666666666667,1.666666667
10267,10,2,1,0,1.6666666666666667,1.666666667
10267,10,3,1,0,1.6666666666666667,1.666666667
10267,10,3,1,0,1.6666666666666667,1.666666667
10267,10,3,1,0,1.6666666666666667,1.666666667
10267,10,2.5,1,0,1.6666666666666667,1.666666667
10267,10,3,1,0,1.6666666666666667,1.666666667
10267,10,3,1,0,1.6666666666666667,1.666666667
10267,10,3,1,0,1.6666666666666667,1.666666667
10267,10,3,1,0,1.6666666666666667,1.666666667
10268,10,2,0,1,2.3333333333333335,2.333333333
10268,10,2.5,0,1,2.3333333333333335,2.333333333
10268,10,1.75,0,1,2.3333333333333335,2.333333333
10268,10,2.75,0,1,2.3333333333333335,2.333333333
10268,10,3,0,1,2.3333333333333335,2.333333333
10268,10,3,0,1,2.3333333333333335,2.333333333
10268,10,3,0,1,2.3333333333333335,2.333333333
10268,10,2.5,0,1,2.3333333333333335,2.333333333
10268,10,2.75,0,1,2.3333333333333335,2.333333333
10268,10,3,0,1,2.3333333333333335,2.333333333
10268,10,2.5,0,1,2.3333333333333335,2.333333333
10268,10,3,0,1,2.3333333333333335,2.333333333
10268,10,2.75,0,1,2.3333333333333335,2.333333333
10268,10,3,0,1,2.3333333333333335,2.333333333
10268,10,3,0,1,2.3333333333333335,2.333333333
10268,10,3,0,1,2.3333333333333335,2.333333333
10268,10,2.5,0,1,2.3333333333333335,2.333333333
10268,10,2,0,1,2.3333333333333335,2.333333333
10268,10,3,0,1,2.3333333333333335,2.333333333
10268,10,2,0,1,2.3333333333333335,2.333333333
10269,10,3.75,1,1,1.3333333333333333,4
10269,10,4,1,1,1.3333333333333333,4
10269,10,3.25,1,1,1.3333333333333333,4
10269,10,1.75,1,1,1.3333333333333333,4
10269,10,3.25,1,1,1.3333333333333333,4
10269,10,4,1,1,1.3333333333333333,4
10270,10,3,1,1,NA,NA
10270,10,3,1,1,NA,NA
10270,10,2,1,1,NA,NA
10270,10,3,1,1,NA,NA
10270,10,4,1,1,NA,NA
10270,10,3.75,1,1,NA,NA
10270,10,1,1,1,NA,NA
10270,10,3.75,1,1,NA,NA
10270,10,2.75,1,1,NA,NA
10270,10,3,1,1,NA,NA
10270,10,3.75,1,1,NA,NA
10270,10,4,1,1,NA,NA
10270,10,1.25,1,1,NA,NA
10270,10,4,1,1,NA,NA
10270,10,3.25,1,1,NA,NA
10270,10,4,1,1,NA,NA
10271,10,1.75,0,1,2.6666666666666665,NA
10271,10,4,0,1,2.6666666666666665,NA
10271,10,3.75,0,1,2.6666666666666665,NA
10271,10,3.25,0,1,2.6666666666666665,NA
10271,10,3.5,0,1,2.6666666666666665,NA
10271,10,3.25,0,1,2.6666666666666665,NA
10271,10,3.75,0,1,2.6666666666666665,NA
10271,10,3,0,1,2.6666666666666665,NA
10271,10,1,0,1,2.6666666666666665,NA
10271,10,3,0,1,2.6666666666666665,NA
10271,10,3,0,1,2.6666666666666665,NA
10271,10,3,0,1,2.6666666666666665,NA
10272,10,3,0,1,NA,NA
10272,10,3,0,1,NA,NA
10272,10,4,0,1,NA,NA
10272,10,4,0,1,NA,NA
10272,10,3.75,0,1,NA,NA
10272,10,4,0,1,NA,NA
10273,10,1.75,0,1,NA,4
10273,10,1,0,1,NA,4
10273,10,3,0,1,NA,4
10273,10,2,0,1,NA,4
10274,10,2.75,0,1,3,NA
10274,10,2.75,0,1,3,NA
10274,10,2.75,0,1,3,NA
10274,10,2.5,0,1,3,NA
10274,10,2.5,0,1,3,NA
10274,10,3,0,1,3,NA
10274,10,2.5,0,1,3,NA
10274,10,3,0,1,3,NA
10274,10,2.75,0,1,3,NA
10274,10,3,0,1,3,NA
10274,10,4,0,1,3,NA
10274,10,1,0,1,3,NA
10274,10,2.75,0,1,3,NA
10274,10,3.25,0,1,3,NA
10274,10,2,0,1,3,NA
10275,10,1,0,1,NA,1
10275,10,4,0,1,NA,1
10275,10,4,0,1,NA,1
10275,10,4,0,1,NA,1
10275,10,4,0,1,NA,1
10275,10,4,0,1,NA,1
10275,10,4,0,1,NA,1
10275,10,4,0,1,NA,1
10275,10,4,0,1,NA,1
10275,10,4,0,1,NA,1
10275,10,4,0,1,NA,1
10275,10,4,0,1,NA,1
10275,10,4,0,1,NA,1
10275,10,4,0,1,NA,1
10275,10,4,0,1,NA,1
10275,10,4,0,1,NA,1
10275,10,4,0,1,NA,1
10275,10,4,0,1,NA,1
10275,10,4,0,1,NA,1
10275,10,4,0,1,NA,1
10275,10,4,0,1,NA,1
10275,10,4,0,1,NA,1
10275,10,4,0,1,NA,1
10275,10,4,0,1,NA,1
4277,4,2.25,0,1,4,3
4277,4,2.25,0,1,4,3
4277,4,2.5,0,1,4,3
4277,4,2.25,0,1,4,3
4277,4,2,0,1,4,3
4277,4,2,0,1,4,3
4277,4,2.25,0,1,4,3
4277,4,2,0,1,4,3
4277,4,2,0,1,4,3
4277,4,2,0,1,4,3
4277,4,2,0,1,4,3
4277,4,2.5,0,1,4,3
4277,4,2,0,1,4,3
4277,4,1.25,0,1,4,3
4277,4,1.75,0,1,4,3
4277,4,2,0,1,4,3
4277,4,2,0,1,4,3
4277,4,2,0,1,4,3
4277,4,2,0,1,4,3
4277,4,2.25,0,1,4,3
4278,4,3.5,1,1,4,NA
4278,4,4,1,1,4,NA
4278,4,4,1,1,4,NA
4279,4,1.5,1,1,3.6666666666666665,2.666666667
4279,4,2.25,1,1,3.6666666666666665,2.666666667
4279,4,2.25,1,1,3.6666666666666665,2.666666667
4279,4,1.5,1,1,3.6666666666666665,2.666666667
4279,4,1.75,1,1,3.6666666666666665,2.666666667
4279,4,2.5,1,1,3.6666666666666665,2.666666667
4279,4,2,1,1,3.6666666666666665,2.666666667
4279,4,1.5,1,1,3.6666666666666665,2.666666667
4279,4,2,1,1,3.6666666666666665,2.666666667
4279,4,2,1,1,3.6666666666666665,2.666666667
4279,4,3,1,1,3.6666666666666665,2.666666667
4279,4,2,1,1,3.6666666666666665,2.666666667
4279,4,1,1,1,3.6666666666666665,2.666666667
4279,4,1.75,1,1,3.6666666666666665,2.666666667
4279,4,1.75,1,1,3.6666666666666665,2.666666667
4279,4,2.75,1,1,3.6666666666666665,2.666666667
4279,4,2.75,1,1,3.6666666666666665,2.666666667
4279,4,2.75,1,1,3.6666666666666665,2.666666667
4279,4,2.75,1,1,3.6666666666666665,2.666666667
