event,SiteIDNumeric,resp_date,signal,sixth_math,seventh_math,eighth_math,dance,robotics,active_part_1,active_part_2,ho_thinking_1,ho_thinking_2,ho_thinking_3,belonging_1,belonging_2,agency_1,agency_2,agency_3,agency_4,self_trans_1,self_trans_2,self_trans_3,self_trans_4,self_trans_5,self_trans_6,stem_sb_1,stem_sb_2,stem_sb_3,stem_sb_4,stem_sb_5,stem_sb_6,stem_sb_7,stem_sb_8,stem_sb_9,science,mathematics,building,no_content,sum_ap,sum_ho_thinking,sum_belonging,sum_agency,sum_self_trans,sum_stem_sb
220,1,2015-07-14,1,0,0,0,0,0,0,1,1,0,0,0,0,0,0,0,0,0,0,0,0,0,0,0,0,0,0,0,1,1,0,1,0,1,0,0,1,1,0,0,0,3
222,1,2015-07-14,4,0,0,0,0,0,1,1,1,1,1,1,1,1,1,1,1,0,0,0,0,0,0,1,1,0,0,1,1,1,0,1,0,0,0,1,2,3,2,4,0,6
208,1,2015-07-15,1,0,0,0,0,0,1,0,0,0,0,1,0,0,1,0,0,0,0,0,0,0,0,0,0,0,0,0,1,1,0,1,0,1,0,0,1,0,1,1,0,3
209,1,2015-07-15,2,0,0,0,0,0,1,0,0,0,0,1,0,0,0,0,0,0,0,0,0,0,0,0,0,0,0,0,0,1,0,0,0,1,0,0,1,0,1,0,0,1
210,1,2015-07-15,3,0,0,0,0,0,1,0,0,0,0,0,0,0,1,0,0,0,0,0,0,0,0,0,0,0,0,0,0,0,0,0,0,0,0,1,1,0,0,1,0,0
211,1,2015-07-15,4,0,0,0,0,0,1,0,0,0,0,0,0,0,1,0,0,0,0,0,0,0,0,0,0,0,0,0,0,0,0,0,0,0,0,1,1,0,0,1,0,0
216,1,2015-07-21,1,0,0,0,0,0,1,1,0,0,0,1,0,1,0,0,0,0,0,0,0,0,0,0,0,0,0,0,1,0,0,0,0,1,0,0,2,0,1,1,0,1
217,1,2015-07-21,2,0,0,0,0,0,1,0,1,0,1,1,0,1,1,1,1,0,0,0,0,0,0,0,0,0,0,0,1,0,1,0,0,1,0,0,1,2,1,4,0,2
218,1,2015-07-21,3,0,0,0,0,0,0,1,1,1,1,1,1,1,1,1,1,0,0,0,0,0,0,1,1,0,0,0,0,0,0,0,0,0,0,1,1,3,2,4,0,2
219,1,2015-07-21,4,0,0,0,0,0,0,1,1,1,1,1,1,1,1,1,1,0,0,0,0,0,0,1,0,1,1,1,1,1,0,1,0,0,0,1,1,3,2,4,0,7
223,1,2015-07-22,1,0,0,0,0,0,1,1,0,0,0,1,1,1,1,1,1,0,0,0,0,0,0,0,1,0,1,0,1,1,0,1,0,1,0,0,2,0,2,4,0,5
224,1,2015-07-22,2,0,0,0,0,0,1,1,0,0,1,1,0,1,1,1,1,0,0,0,0,0,0,0,0,1,1,0,1,1,0,1,0,1,0,0,2,1,1,4,0,5
225,1,2015-07-22,3,0,0,0,0,0,1,0,0,1,0,1,0,1,1,0,0,0,0,0,0,1,0,0,0,0,0,1,1,0,0,0,0,1,0,0,1,1,1,2,1,2
226,1,2015-07-22,4,0,0,0,0,0,1,0,0,0,0,1,0,1,1,1,0,0,0,0,0,1,0,0,0,0,1,1,0,0,0,0,0,1,0,0,1,0,1,3,1,2
212,1,2015-07-28,1,0,0,0,0,0,1,1,1,0,1,1,0,1,0,1,0,0,0,0,0,0,0,1,0,0,0,0,0,0,0,0,0,1,0,0,2,2,1,2,0,1
213,1,2015-07-28,2,0,0,0,0,0,1,0,0,0,1,0,1,1,1,0,1,0,0,0,0,0,0,0,0,0,0,0,0,0,0,0,0,0,0,1,1,1,1,3,0,0
214,1,2015-07-28,3,0,0,0,0,0,1,1,1,1,1,1,1,1,1,1,1,0,0,0,0,0,0,0,1,0,0,0,0,0,0,0,0,0,0,1,2,3,2,4,0,1
215,1,2015-07-28,4,0,0,0,0,0,1,1,0,1,1,1,0,1,1,1,1,0,0,0,0,0,0,0,0,0,0,1,1,0,0,0,0,0,0,1,2,2,1,4,0,2
227,1,2015-07-29,1,0,0,0,0,0,1,0,0,0,0,1,0,1,1,1,1,0,0,0,0,0,0,0,0,0,1,1,1,1,0,1,0,1,0,0,1,0,1,4,0,5
228,1,2015-07-29,2,0,0,0,0,0,1,0,0,0,0,1,0,1,0,0,0,0,0,0,0,0,0,0,0,0,0,0,0,0,0,0,0,0,0,1,1,0,1,1,0,0
229,1,2015-07-29,3,0,0,0,0,0,1,0,0,0,0,1,0,1,1,0,0,0,0,0,0,0,0,0,0,0,0,1,1,0,0,0,0,1,0,0,1,0,1,2,0,2
230,1,2015-07-29,4,0,0,0,0,0,1,1,0,1,0,1,0,0,1,0,0,0,0,0,0,1,0,0,0,0,0,1,0,0,1,0,0,1,0,0,2,1,1,1,1,2
188,2,2015-07-14,1,0,0,0,0,0,1,1,1,0,1,1,1,1,1,1,0,0,0,0,0,0,0,1,0,0,0,1,1,1,0,1,0,1,0,0,2,2,2,3,0,5
189,2,2015-07-14,2,0,0,0,0,0,0,1,1,0,1,1,1,1,0,1,0,0,0,0,0,0,0,1,1,0,0,1,1,1,0,1,0,1,0,0,1,2,2,2,0,6
190,2,2015-07-14,3,0,0,0,0,0,1,1,1,0,1,1,1,1,0,1,0,0,0,0,0,0,0,1,1,0,0,0,1,1,0,1,0,0,1,0,2,2,2,2,0,5
191,2,2015-07-14,4,0,0,0,0,0,1,1,1,0,1,1,1,1,1,1,1,0,0,0,0,0,0,1,1,0,0,0,1,1,0,1,0,1,0,0,2,2,2,4,0,5
204,2,2015-07-16,1,0,0,0,0,0,0,0,0,1,0,0,0,1,0,0,0,0,0,0,0,0,0,0,0,0,0,0,0,0,0,0,0,1,0,0,0,1,0,1,0,0
205,2,2015-07-16,2,0,0,0,0,0,0,1,1,0,1,1,0,1,0,1,0,0,0,0,0,0,0,1,0,0,0,0,1,0,0,1,0,1,0,0,1,2,1,2,0,3
206,2,2015-07-16,3,0,0,0,0,0,1,1,1,0,1,1,1,1,1,1,0,0,0,0,0,0,0,1,1,1,1,1,1,1,1,1,0,1,0,0,2,2,2,3,0,9
207,2,2015-07-16,4,0,0,0,0,0,1,1,1,1,1,1,0,1,0,1,0,0,0,0,0,0,0,1,1,1,1,0,1,1,1,1,0,1,0,0,2,3,1,2,0,8
196,2,2015-07-21,1,0,0,0,0,0,0,0,0,0,0,1,0,0,0,0,0,0,0,0,0,0,0,0,0,0,0,0,0,0,0,0,0,1,0,0,0,0,1,0,0,0
197,2,2015-07-21,2,0,0,0,0,0,0,1,0,0,0,1,0,0,0,0,0,0,0,0,0,0,0,0,0,0,0,0,0,1,0,1,0,1,0,0,1,0,1,0,0,2
198,2,2015-07-21,3,0,0,0,0,0,1,1,0,0,0,1,0,0,0,0,0,0,0,0,0,0,0,0,0,0,0,0,0,0,0,0,0,1,0,0,2,0,1,0,0,0
199,2,2015-07-21,4,0,0,0,0,0,1,0,0,0,0,1,0,0,0,0,0,0,0,0,0,0,0,0,0,0,0,0,0,0,0,0,0,1,0,0,1,0,1,0,0,0
184,2,2015-07-23,1,0,0,0,0,0,1,1,1,0,1,1,1,1,1,1,0,0,0,0,0,0,0,1,1,0,0,0,1,1,0,1,0,1,0,0,2,2,2,3,0,5
185,2,2015-07-23,2,0,0,0,0,0,1,1,1,1,1,1,0,1,0,1,0,0,0,0,0,0,0,1,1,0,0,1,0,1,0,1,0,1,0,0,2,3,1,2,0,5
186,2,2015-07-23,3,0,0,0,0,0,1,1,1,0,1,1,1,1,0,1,1,0,0,0,0,0,0,1,1,0,0,1,1,1,1,1,0,1,0,0,2,2,2,3,0,7
187,2,2015-07-23,4,0,0,0,0,0,1,1,1,1,1,1,1,1,0,1,0,0,0,0,0,0,0,1,1,0,0,1,1,1,1,1,0,1,0,0,2,3,2,2,0,7
200,2,2015-07-28,1,0,0,0,0,0,0,1,1,1,1,1,1,1,0,1,0,0,0,0,0,0,0,1,0,0,0,0,0,1,1,0,0,1,0,0,1,3,2,2,0,3
201,2,2015-07-28,2,0,0,0,0,0,1,1,1,1,1,1,1,1,0,1,0,0,0,0,0,0,0,1,0,0,1,0,0,1,1,1,0,1,0,0,2,3,2,2,0,5
202,2,2015-07-28,3,0,0,0,0,0,0,1,1,1,1,1,0,1,0,0,0,0,0,0,0,0,0,1,1,0,0,0,0,1,0,1,0,1,0,0,1,3,1,1,0,4
203,2,2015-07-28,4,0,0,0,0,0,0,1,0,1,1,1,1,1,0,1,0,0,0,0,0,0,0,0,1,1,0,0,1,1,1,1,0,1,0,0,1,2,2,2,0,6
192,2,2015-07-30,1,0,0,0,0,0,0,1,1,1,0,0,0,0,0,0,0,0,0,0,0,0,0,0,0,0,0,0,0,1,0,1,0,1,0,0,1,2,0,0,0,2
193,2,2015-07-30,2,0,0,0,0,0,0,1,0,0,0,0,0,0,0,0,0,0,0,0,0,0,0,0,0,0,0,0,0,0,0,0,0,1,0,0,1,0,0,0,0,0
194,2,2015-07-30,3,0,0,0,0,0,1,1,1,0,0,0,0,1,0,0,0,0,0,0,0,0,0,0,0,0,1,1,0,1,0,1,0,1,0,0,2,1,0,1,0,4
195,2,2015-07-30,4,0,0,0,0,0,1,1,1,0,0,0,0,1,1,1,0,0,0,0,0,0,0,0,0,0,0,0,0,1,0,1,0,1,0,0,2,1,0,3,0,2
168,4,2015-07-20,1,0,0,0,0,1,1,0,1,1,1,1,0,1,1,1,0,0,0,0,0,0,0,1,1,0,0,1,1,1,0,0,1,0,0,0,1,3,1,3,0,5
175,4,2015-07-20,1,0,0,1,0,0,0,1,1,1,0,1,0,0,0,0,0,0,0,0,0,0,0,1,0,0,0,1,1,1,1,0,0,1,0,0,1,2,1,0,0,5
178,4,2015-07-20,1,0,1,0,0,0,0,1,0,0,0,1,0,1,0,0,0,0,0,0,0,0,0,0,0,0,0,1,1,1,0,0,0,1,0,0,1,0,1,1,0,3
180,4,2015-07-20,1,1,0,0,0,0,0,1,0,0,0,1,0,1,0,0,0,0,0,0,0,0,0,0,0,0,0,0,1,1,0,0,0,1,0,0,1,0,1,1,0,2
169,4,2015-07-20,2,0,0,0,0,1,1,1,1,1,1,1,1,1,1,1,1,0,0,0,0,0,0,1,1,0,0,1,1,1,1,1,1,0,0,0,2,3,2,4,0,7
172,4,2015-07-20,2,0,0,0,1,0,1,0,0,1,0,1,0,1,0,0,0,0,0,0,0,0,0,0,0,0,0,0,0,0,0,0,0,0,0,1,1,1,1,1,0,0
179,4,2015-07-20,2,0,1,0,0,0,0,1,1,0,0,1,0,1,0,0,0,0,0,0,0,0,0,1,0,0,0,1,1,1,1,0,0,1,0,0,1,1,1,1,0,5
181,4,2015-07-20,2,1,0,0,0,0,0,1,0,1,0,1,0,1,0,0,0,0,0,0,0,0,0,0,0,0,0,0,1,1,0,0,0,1,0,0,1,1,1,1,0,2
149,4,2015-07-22,1,0,0,0,0,1,1,1,1,0,1,1,1,1,1,0,0,0,0,0,0,0,0,0,1,1,0,1,0,1,0,1,1,0,0,0,2,2,2,2,0,5
151,4,2015-07-22,1,0,0,1,0,0,0,1,1,1,0,0,0,0,0,0,0,0,0,0,0,0,0,0,0,1,0,0,0,0,0,0,0,0,0,1,1,2,0,0,0,1
153,4,2015-07-22,1,0,1,0,0,0,0,1,0,0,0,0,0,0,0,0,0,0,0,0,0,0,0,0,0,0,0,1,0,1,1,1,0,1,0,0,1,0,0,0,0,4
155,4,2015-07-22,1,1,0,0,0,0,0,1,1,1,0,0,0,0,0,0,0,0,0,0,0,0,0,0,0,0,0,0,0,1,0,0,0,1,0,0,1,2,0,0,0,1
150,4,2015-07-22,2,0,0,0,0,1,1,1,1,0,1,1,1,1,1,0,0,0,0,0,0,0,0,0,1,1,0,1,1,1,0,1,1,0,0,0,2,2,2,2,0,6
152,4,2015-07-22,2,0,0,1,0,0,0,1,1,1,1,0,0,0,0,0,0,0,0,0,0,0,0,0,0,0,0,0,0,0,0,0,0,0,0,1,1,3,0,0,0,0
154,4,2015-07-22,2,0,1,0,0,0,0,1,1,0,0,0,0,0,0,0,0,0,0,0,0,0,0,0,0,0,0,1,0,1,0,1,0,1,0,0,1,1,0,0,0,3
156,4,2015-07-22,2,1,0,0,0,0,0,1,0,0,0,0,0,0,0,0,0,0,0,0,0,0,0,0,0,0,0,0,0,1,0,0,0,1,0,0,1,0,0,0,0,1
133,4,2015-07-27,1,0,0,0,0,1,1,1,1,1,1,1,1,1,1,1,1,0,0,0,0,0,0,1,1,0,0,1,0,1,0,1,1,0,0,0,2,3,2,4,0,5
137,4,2015-07-27,1,0,0,0,1,0,1,1,1,1,1,1,1,1,0,0,0,0,0,0,0,0,0,1,1,0,1,0,0,0,0,1,0,1,0,0,2,3,2,1,0,4
139,4,2015-07-27,1,0,0,1,0,0,0,1,1,1,1,0,1,1,0,0,0,0,0,0,0,0,0,1,0,1,0,0,0,1,1,0,0,1,0,0,1,3,1,1,0,4
143,4,2015-07-27,1,0,1,0,0,0,0,1,1,0,0,0,0,1,0,0,0,0,0,0,0,0,0,1,0,0,0,0,1,1,0,1,0,1,0,0,1,1,0,1,0,4
145,4,2015-07-27,1,1,0,0,0,0,0,1,1,0,0,1,0,1,0,0,0,0,0,0,0,0,0,0,0,0,0,0,1,0,0,1,0,1,0,0,1,1,1,1,0,2
134,4,2015-07-27,2,0,0,0,0,1,1,1,1,1,1,1,0,1,1,1,1,0,0,0,0,0,0,1,1,1,0,1,0,1,0,1,1,0,0,0,2,3,1,4,0,6
138,4,2015-07-27,2,0,0,0,1,0,1,1,1,1,1,1,1,1,0,0,0,0,0,0,0,0,0,1,1,0,0,1,1,1,0,1,0,1,0,0,2,3,2,1,0,6
140,4,2015-07-27,2,0,0,1,0,0,0,1,1,1,1,0,1,1,0,1,0,0,0,0,0,0,0,1,0,0,0,0,0,1,1,0,0,1,0,0,1,3,1,2,0,3
144,4,2015-07-27,2,0,1,0,0,0,1,1,1,1,1,1,1,1,1,1,0,0,0,0,0,0,0,1,1,0,0,0,1,1,1,1,0,1,0,0,2,3,2,3,0,6
146,4,2015-07-27,2,1,0,0,0,0,0,1,1,0,0,0,0,0,0,0,0,0,0,0,0,0,0,1,0,0,0,0,1,1,0,1,0,1,0,0,1,1,0,0,0,4
166,4,2015-07-29,1,0,0,0,0,1,0,1,1,1,1,0,0,1,1,1,0,0,0,0,0,0,0,0,0,0,0,0,0,1,0,0,1,0,0,0,1,3,0,3,0,1
170,4,2015-07-29,1,0,0,0,1,0,1,0,0,0,1,1,1,1,0,0,0,0,0,0,0,0,0,0,0,0,0,0,0,0,0,0,0,0,0,1,1,1,2,1,0,0
173,4,2015-07-29,1,0,0,1,0,0,1,1,1,1,1,1,0,1,0,1,0,0,0,0,0,0,0,0,0,0,0,0,0,0,0,0,0,1,0,0,2,3,1,2,0,0
176,4,2015-07-29,1,0,1,0,0,0,0,1,1,1,0,0,0,1,0,0,0,0,0,0,0,0,0,0,0,0,0,0,0,1,0,0,0,1,0,0,1,2,0,1,0,1
182,4,2015-07-29,1,1,0,0,0,0,0,1,1,1,0,1,0,0,1,0,0,0,0,0,0,0,0,1,0,0,0,0,0,1,0,0,0,1,0,0,1,2,1,1,0,2
167,4,2015-07-29,2,0,0,0,0,1,1,1,1,0,1,1,0,1,1,1,0,1,0,0,0,0,0,1,1,0,0,1,1,1,0,1,1,0,0,0,2,2,1,3,1,6
171,4,2015-07-29,2,0,0,0,1,0,1,0,0,1,1,1,0,1,1,1,1,0,0,0,0,0,0,0,0,0,0,0,0,0,0,0,0,0,0,1,1,2,1,4,0,0
174,4,2015-07-29,2,0,0,1,0,0,1,1,1,1,1,1,1,1,0,1,0,1,0,1,0,0,0,0,0,0,0,0,0,0,0,0,0,1,0,0,2,3,2,2,2,0
177,4,2015-07-29,2,0,1,0,0,0,1,0,1,0,0,1,0,1,0,0,0,0,0,0,0,0,0,0,0,0,0,1,0,0,0,0,0,1,0,0,1,1,1,1,0,1
183,4,2015-07-29,2,1,0,0,0,0,0,1,0,1,0,1,0,0,1,0,0,0,0,0,0,0,0,0,0,1,0,0,1,1,0,0,0,1,0,0,1,1,1,1,0,3
131,4,2015-08-03,1,0,0,0,0,1,1,1,0,1,1,1,0,1,1,1,1,0,0,0,0,0,0,0,1,0,0,1,0,1,0,1,0,1,0,0,2,2,1,4,0,4
135,4,2015-08-03,1,0,0,0,1,0,1,1,1,1,1,1,0,1,0,0,0,0,0,0,0,0,0,0,0,0,0,0,0,0,0,0,0,0,0,1,2,3,1,1,0,0
141,4,2015-08-03,1,0,0,1,0,0,1,1,1,1,1,1,0,1,1,1,1,1,1,1,1,1,0,0,0,0,0,0,1,1,0,0,0,1,0,0,2,3,1,4,5,2
147,4,2015-08-03,1,1,0,0,0,0,0,1,1,0,0,0,0,0,0,0,0,0,0,0,0,0,0,1,0,0,0,0,1,0,1,0,0,1,0,0,1,1,0,0,0,3
132,4,2015-08-03,2,0,0,0,0,1,1,0,1,0,1,1,1,1,1,1,1,0,0,0,0,0,0,0,1,0,0,1,1,1,0,1,0,1,0,0,1,2,2,4,0,5
136,4,2015-08-03,2,0,0,0,1,0,1,0,0,0,1,1,0,1,1,1,0,0,0,0,0,0,0,0,0,0,0,0,0,0,0,0,0,0,0,1,1,1,1,3,0,0
142,4,2015-08-03,2,0,0,1,0,0,1,1,1,1,1,1,1,1,1,1,1,1,0,0,1,1,0,0,0,0,1,1,1,1,1,1,0,1,0,0,2,3,2,4,3,6
148,4,2015-08-03,2,1,0,0,0,0,0,1,1,0,0,1,0,0,0,0,0,0,0,0,0,0,0,1,0,0,0,0,1,0,1,0,0,1,0,0,1,1,1,0,0,3
161,4,2015-08-05,1,0,0,0,0,1,1,0,0,0,0,0,0,0,1,0,0,0,0,0,0,0,0,0,0,0,0,0,0,0,0,0,0,0,1,0,1,0,0,1,0,0
157,4,2015-08-05,1,0,0,0,1,0,1,0,0,0,0,1,1,1,1,0,1,0,0,0,0,0,0,0,0,0,0,0,0,0,0,0,0,0,0,1,1,0,2,3,0,0
159,4,2015-08-05,1,0,1,0,0,0,1,0,1,1,0,1,1,1,0,0,0,0,0,0,0,0,0,0,0,0,0,0,0,0,0,0,0,1,0,0,1,2,2,1,0,0
164,4,2015-08-05,1,1,0,0,0,0,0,1,1,0,0,0,0,0,0,0,0,0,0,0,0,0,0,1,0,0,0,0,0,0,0,1,0,1,0,0,1,1,0,0,0,2
162,4,2015-08-05,2,0,0,0,0,1,1,0,0,0,0,0,0,0,1,0,0,0,0,0,0,0,0,0,0,0,0,0,0,0,0,0,0,0,1,0,1,0,0,1,0,0
158,4,2015-08-05,2,0,0,0,1,0,1,0,0,0,1,1,1,1,1,0,1,0,0,0,0,0,0,0,0,0,0,0,0,0,0,0,0,0,0,1,1,1,2,3,0,0
163,4,2015-08-05,2,0,0,1,0,0,1,0,1,1,1,1,0,1,0,1,0,0,0,0,1,0,0,0,0,0,0,0,1,0,0,0,0,1,0,0,1,3,1,2,1,1
160,4,2015-08-05,2,0,1,0,0,0,1,0,0,0,0,1,1,1,0,0,0,0,0,0,0,0,0,0,0,0,0,0,0,0,0,0,0,1,0,0,1,0,2,1,0,0
165,4,2015-08-05,2,1,0,0,0,0,0,1,1,0,0,0,0,0,0,0,0,0,0,0,0,0,0,0,0,0,0,0,0,0,0,1,0,1,0,0,1,1,0,0,0,1
126,5,2015-07-14,1,0,0,0,0,0,1,1,1,1,1,1,0,1,1,0,0,0,0,0,0,0,0,0,0,0,0,1,0,1,0,0,1,0,0,0,2,3,1,2,0,2
127,5,2015-07-14,2,0,0,0,0,0,1,1,1,1,1,1,0,1,1,0,0,0,0,0,0,0,0,0,0,1,0,0,1,1,1,1,1,0,0,0,2,3,1,2,0,5
128,5,2015-07-14,3,0,0,0,0,0,1,0,1,1,1,1,0,1,0,1,0,0,1,0,0,0,1,0,1,0,1,1,0,1,1,0,1,0,0,0,1,3,1,2,2,5
129,5,2015-07-14,4,0,0,0,0,0,1,1,1,1,1,1,0,1,0,1,0,1,1,0,0,0,1,0,0,0,1,1,0,1,1,0,1,0,0,0,2,3,1,2,3,4
130,5,2015-07-14,5,0,0,0,0,0,1,1,1,1,1,1,0,1,0,1,0,0,1,0,0,0,1,0,0,1,1,1,1,1,1,0,1,0,0,0,2,3,1,2,2,6
119,5,2015-07-16,1,0,0,0,0,0,1,0,1,0,0,1,0,1,1,0,0,0,0,0,0,0,0,0,0,0,0,0,0,1,0,1,1,0,0,0,1,1,1,2,0,2
120,5,2015-07-16,2,0,0,0,0,0,0,1,1,0,0,0,0,1,0,0,0,0,0,0,0,0,0,1,0,0,0,0,0,1,0,0,1,0,0,0,1,1,0,1,0,2
121,5,2015-07-16,3,0,0,0,0,0,1,0,0,0,0,0,0,0,0,0,0,0,0,0,0,0,0,0,0,0,0,0,0,0,0,0,0,0,0,1,1,0,0,0,0,0
122,5,2015-07-16,4,0,0,0,0,0,1,1,1,0,0,0,0,0,0,0,0,0,0,0,0,0,0,0,0,1,1,1,1,1,0,0,1,0,0,0,2,1,0,0,0,5
231,5,2015-07-21,1,0,0,0,0,0,1,1,1,0,1,1,0,1,0,1,0,0,0,0,0,0,0,1,1,1,0,0,0,1,0,0,1,0,0,0,2,2,1,2,0,4
232,5,2015-07-21,2,0,0,0,0,0,1,1,0,1,1,0,0,1,0,1,0,0,0,0,0,0,0,0,1,0,0,0,1,1,0,0,1,0,0,0,2,2,0,2,0,3
233,5,2015-07-21,3,0,0,0,0,0,1,1,1,1,1,1,1,1,1,1,1,0,0,0,0,0,0,1,1,1,1,1,1,1,1,1,1,0,0,0,2,3,2,4,0,9
234,5,2015-07-21,4,0,0,0,0,0,1,1,1,1,1,1,1,1,1,1,1,0,0,0,0,0,0,1,1,1,1,1,1,1,1,1,1,0,0,0,2,3,2,4,0,9
112,5,2015-07-23,1,0,0,0,0,0,1,1,1,1,1,1,1,1,0,1,0,0,0,0,0,0,0,0,0,0,0,0,0,1,1,1,1,0,0,0,2,3,2,2,0,3
113,5,2015-07-23,2,0,0,0,0,0,0,1,0,1,1,1,0,1,0,0,0,0,0,0,0,0,0,1,0,0,0,0,0,1,1,0,1,0,0,0,1,2,1,1,0,3
114,5,2015-07-23,3,0,0,0,0,0,1,1,1,1,1,1,1,1,0,1,0,1,1,0,0,0,0,0,0,0,1,1,0,1,0,0,1,0,0,0,2,3,2,2,2,3
115,5,2015-07-23,4,0,0,0,0,0,1,0,0,0,1,1,1,1,0,1,0,0,0,0,0,0,0,0,0,0,1,1,0,1,0,0,1,0,0,0,1,1,2,2,0,3
123,5,2015-07-28,1,0,0,0,0,0,1,0,0,1,1,1,0,1,1,0,0,0,0,0,0,1,0,0,0,0,0,0,1,1,0,0,1,0,0,0,1,2,1,2,1,2
236,5,2015-07-28,2,0,0,0,0,0,1,0,1,0,1,1,0,1,1,1,1,0,0,0,0,0,0,0,0,0,0,1,0,1,0,1,1,0,0,0,1,2,1,4,0,3
237,5,2015-07-28,3,0,0,0,0,0,1,1,1,1,1,1,1,1,0,1,0,1,0,0,0,0,0,1,1,1,1,0,0,1,0,0,1,0,0,0,2,3,2,2,1,5
124,5,2015-07-28,4,0,0,0,0,0,1,1,1,1,1,1,0,1,0,1,0,0,0,0,0,0,0,1,0,0,0,1,0,1,1,0,1,0,0,0,2,3,1,2,0,4
125,5,2015-07-28,5,0,0,0,0,0,1,1,1,1,1,1,0,1,0,1,0,0,0,0,0,0,0,0,0,0,0,1,0,1,1,0,1,0,0,0,2,3,1,2,0,3
116,5,2015-07-30,1,0,0,0,0,0,1,0,0,0,0,0,0,1,1,0,1,0,0,0,0,0,0,0,0,0,0,0,0,1,0,1,1,0,0,0,1,0,0,3,0,2
117,5,2015-07-30,2,0,0,0,0,0,0,0,0,0,1,0,0,1,1,0,0,0,0,0,0,0,0,0,0,0,0,0,0,1,0,0,1,0,0,0,0,1,0,2,0,1
118,5,2015-07-30,3,0,0,0,0,0,0,1,0,1,0,0,0,1,1,0,1,0,0,0,0,0,0,0,0,0,0,0,0,1,0,0,1,0,0,0,1,1,0,3,0,1
103,6,2015-07-13,1,0,0,0,0,0,1,1,1,1,1,1,0,1,1,1,1,0,0,0,0,0,0,1,0,0,1,1,0,1,0,1,1,0,0,0,2,3,1,4,0,5
104,6,2015-07-13,2,0,0,0,0,0,1,1,1,1,1,1,0,1,1,0,0,0,0,0,0,0,0,1,0,1,0,0,0,1,1,1,1,0,0,0,2,3,1,2,0,5
105,6,2015-07-13,3,0,0,0,0,0,1,0,1,1,1,1,0,1,0,1,0,0,0,0,0,0,0,1,0,0,0,1,0,1,0,0,1,0,0,0,1,3,1,2,0,3
106,6,2015-07-13,4,0,0,0,0,0,1,0,1,0,1,1,0,1,0,1,0,0,0,0,0,0,0,1,0,0,0,1,0,1,0,0,1,0,0,0,1,2,1,2,0,3
95,6,2015-07-14,1,0,0,0,0,0,1,1,1,1,1,1,1,1,1,1,1,0,0,0,0,0,1,1,1,0,1,1,1,1,1,0,1,0,0,0,2,3,2,4,1,7
96,6,2015-07-14,2,0,0,0,0,0,0,1,1,1,1,0,1,0,0,1,0,0,0,0,0,0,0,0,0,0,0,0,0,0,0,0,0,0,0,1,1,3,1,1,0,0
97,6,2015-07-14,3,0,0,0,0,0,1,0,1,0,1,1,1,1,1,1,1,0,0,0,0,0,0,1,0,0,0,0,0,0,0,0,0,0,0,1,1,2,2,4,0,1
98,6,2015-07-14,4,0,0,0,0,0,1,1,1,0,1,1,0,1,1,1,1,1,0,0,0,0,0,1,1,1,1,0,0,1,1,1,1,0,0,0,2,2,1,4,1,7
107,6,2015-07-20,2,0,0,0,0,0,1,1,1,1,1,1,0,1,0,1,0,1,1,0,0,0,0,1,0,0,0,0,0,1,1,0,1,0,0,0,2,3,1,2,2,3
235,6,2015-07-20,4,0,0,0,0,0,1,1,1,1,1,1,1,1,0,1,0,0,0,0,0,0,0,1,1,1,1,1,0,1,1,1,1,0,0,0,2,3,2,2,0,8
92,6,2015-07-21,1,0,0,0,0,0,0,1,1,1,1,0,0,0,1,0,0,1,0,0,0,0,0,1,0,0,0,0,1,0,1,0,0,0,0,1,1,3,0,1,1,3
93,6,2015-07-21,2,0,0,0,0,0,1,1,1,0,1,1,0,1,0,1,1,0,0,0,0,0,0,1,1,1,0,0,1,0,0,0,0,0,0,1,2,2,1,3,0,4
94,6,2015-07-21,4,0,0,0,0,0,0,1,0,0,0,1,0,0,0,0,0,1,1,1,0,0,0,0,0,0,0,0,0,1,1,0,1,0,0,0,1,0,1,0,3,2
99,6,2015-07-27,1,0,0,0,0,0,1,1,1,1,0,1,1,0,0,1,0,0,0,0,0,0,0,1,1,1,1,0,0,1,1,0,1,0,0,0,2,2,2,1,0,6
100,6,2015-07-27,2,0,0,0,0,0,1,1,1,0,1,0,1,1,0,1,0,0,0,0,0,0,0,1,0,0,0,0,0,1,0,1,1,0,0,0,2,2,1,2,0,3
101,6,2015-07-27,3,0,0,0,0,0,1,1,1,1,0,1,1,1,0,1,0,0,0,0,0,0,0,0,1,0,0,1,1,1,0,1,1,0,0,0,2,2,2,2,0,5
102,6,2015-07-27,4,0,0,0,0,0,1,1,1,1,0,0,1,0,0,0,0,0,0,0,0,0,0,0,0,0,0,0,0,1,1,0,1,0,0,0,2,2,1,0,0,2
108,6,2015-07-28,1,0,0,0,0,0,1,1,1,1,1,1,0,1,1,0,0,0,0,0,0,0,0,1,0,0,1,1,0,1,0,1,1,0,0,0,2,3,1,2,0,5
109,6,2015-07-28,2,0,0,0,0,0,1,0,1,0,1,1,0,1,1,1,1,0,0,0,0,0,0,1,0,0,1,0,1,1,0,1,1,0,0,0,1,2,1,4,0,5
110,6,2015-07-28,3,0,0,0,0,0,1,0,1,1,1,1,0,1,1,1,1,0,0,0,0,0,0,0,0,0,1,0,1,1,1,1,1,0,0,0,1,3,1,4,0,5
111,6,2015-07-28,4,0,0,0,0,0,1,1,1,0,1,1,0,1,1,1,0,0,0,0,0,0,0,0,1,0,1,1,1,1,0,1,1,0,0,0,2,2,1,3,0,6
76,7,2015-07-09,1,0,0,0,0,0,1,0,0,0,0,1,0,1,0,0,0,0,0,0,0,0,0,0,0,0,0,0,0,0,0,0,0,0,0,1,1,0,1,1,0,0
77,7,2015-07-09,2,0,0,0,0,0,1,1,1,1,1,1,1,1,1,1,1,1,1,1,0,0,0,1,1,0,0,0,1,1,1,1,0,0,1,0,2,3,2,4,3,6
78,7,2015-07-09,3,0,0,0,0,0,1,1,1,1,1,1,0,1,0,1,0,0,0,0,0,0,0,0,0,0,0,1,0,0,1,1,0,0,1,0,2,3,1,2,0,3
79,7,2015-07-09,4,0,0,0,0,0,1,0,0,0,1,1,0,1,1,1,0,0,0,0,0,0,0,0,0,0,0,0,0,0,0,0,0,0,1,0,1,1,1,3,0,0
72,7,2015-07-15,1,0,0,0,0,0,1,1,1,1,1,1,1,1,1,1,1,0,0,0,0,1,0,1,1,0,1,1,1,1,1,1,0,0,1,0,2,3,2,4,1,8
73,7,2015-07-15,2,0,0,0,0,0,1,0,1,1,1,1,1,1,1,1,1,0,0,0,0,1,0,1,1,0,1,1,1,1,1,1,0,0,1,0,1,3,2,4,1,8
74,7,2015-07-15,3,0,0,0,0,0,1,1,1,1,1,1,1,1,1,1,1,0,0,0,0,1,0,1,1,0,1,1,1,1,1,1,0,0,1,0,2,3,2,4,1,8
75,7,2015-07-15,4,0,0,0,0,0,1,0,0,0,0,0,0,0,0,0,0,0,0,0,0,0,0,0,0,0,0,0,0,0,0,0,0,0,1,0,1,0,0,0,0,0
80,7,2015-07-16,1,0,0,0,0,0,0,1,1,1,0,1,1,1,1,0,1,1,0,0,0,1,0,0,0,0,0,0,0,1,0,1,0,0,1,0,1,2,2,3,2,2
81,7,2015-07-16,2,0,0,0,0,0,1,0,1,0,1,0,0,0,0,1,0,0,0,0,0,0,0,0,0,0,0,1,0,1,0,1,0,0,1,0,1,2,0,1,0,3
82,7,2015-07-16,3,0,0,0,0,0,1,1,0,0,0,0,0,1,0,0,0,0,0,0,0,0,0,0,0,0,0,1,1,1,0,0,0,0,1,0,2,0,0,1,0,3
83,7,2015-07-16,4,0,0,0,0,0,1,1,0,1,0,1,0,0,0,0,0,0,0,0,0,0,0,0,0,0,0,1,1,1,0,0,0,0,1,0,2,1,1,0,0,3
84,7,2015-07-22,1,0,0,0,0,0,1,1,1,1,1,1,1,1,1,1,0,0,0,0,0,1,0,0,0,0,0,1,1,1,0,1,0,0,1,0,2,3,2,3,1,4
85,7,2015-07-22,2,0,0,0,0,0,1,1,1,1,1,1,0,1,1,1,1,0,0,0,0,1,0,1,0,0,1,1,1,1,0,0,0,0,1,0,2,3,1,4,1,5
86,7,2015-07-22,3,0,0,0,0,0,1,0,1,0,1,1,1,1,1,1,1,0,0,0,0,0,0,1,1,0,0,0,1,0,0,0,0,0,1,0,1,2,2,4,0,3
87,7,2015-07-22,4,0,0,0,0,0,1,1,1,1,1,1,1,1,1,1,1,0,0,0,0,1,0,1,0,0,1,1,1,1,0,0,0,0,1,0,2,3,2,4,1,5
88,7,2015-07-23,1,0,0,0,0,0,1,0,0,0,0,1,0,1,1,0,0,0,0,0,0,1,0,0,0,0,1,1,1,0,0,0,0,0,1,0,1,0,1,2,1,3
89,7,2015-07-23,2,0,0,0,0,0,1,0,0,1,0,1,0,1,1,0,0,0,0,0,0,1,0,0,0,0,1,1,1,0,0,0,0,0,1,0,1,1,1,2,1,3
90,7,2015-07-23,3,0,0,0,0,0,1,0,0,0,0,1,0,1,1,0,0,0,0,0,0,1,0,0,0,0,1,1,1,0,0,0,0,0,1,0,1,0,1,2,1,3
91,7,2015-07-23,4,0,0,0,0,0,1,0,0,0,0,1,0,1,1,0,0,0,0,0,0,1,0,0,0,0,1,1,1,1,0,0,0,0,1,0,1,0,1,2,1,4
68,7,2015-07-29,1,0,0,0,0,0,1,0,0,0,0,1,0,1,0,0,0,0,0,0,0,0,0,0,0,0,0,0,0,0,0,0,0,0,0,1,1,0,1,1,0,0
69,7,2015-07-29,2,0,0,0,0,0,1,0,1,1,1,1,1,1,1,1,1,0,0,0,0,1,0,1,1,0,1,1,1,1,0,1,0,0,1,0,1,3,2,4,1,7
70,7,2015-07-29,3,0,0,0,0,0,1,0,1,1,1,1,0,1,1,1,1,0,0,0,0,1,0,1,0,0,1,1,1,1,0,1,0,0,1,0,1,3,1,4,1,6
71,7,2015-07-29,4,0,0,0,0,0,1,0,0,0,0,1,0,1,1,0,0,0,0,0,0,1,0,0,0,0,1,1,1,1,0,1,0,0,1,0,1,0,1,2,1,5
58,8,2015-07-13,1,0,0,0,0,0,1,0,0,0,1,1,1,1,0,0,0,0,0,0,0,0,0,0,0,0,0,0,0,0,0,0,0,0,0,1,1,1,2,1,0,0
59,8,2015-07-13,2,0,0,0,0,0,1,1,1,1,1,1,0,1,1,1,1,0,0,0,0,0,0,0,0,0,1,1,0,1,0,1,0,0,1,0,2,3,1,4,0,4
60,8,2015-07-13,3,0,0,0,0,0,1,1,1,1,1,1,1,1,0,0,0,0,0,0,0,0,0,1,1,1,1,1,1,1,0,1,0,0,1,0,2,3,2,1,0,8
61,8,2015-07-13,4,0,0,0,0,0,1,1,1,1,1,1,1,1,0,0,0,0,0,0,0,0,0,1,1,1,1,1,1,1,0,1,0,0,1,0,2,3,2,1,0,8
66,8,2015-07-14,2,0,0,0,0,0,1,0,1,1,1,0,0,1,0,1,0,1,1,1,0,0,0,0,0,0,0,0,0,1,0,0,0,0,1,0,1,3,0,2,3,1
67,8,2015-07-14,3,0,0,0,0,0,1,0,1,1,0,0,0,1,0,0,0,1,1,0,0,0,0,0,0,0,0,0,0,1,0,0,0,0,1,0,1,2,0,1,2,1
55,8,2015-07-20,1,0,0,0,0,0,1,0,1,0,1,1,0,1,0,1,0,0,0,0,0,0,0,0,0,0,0,0,0,0,0,0,0,0,1,0,1,2,1,2,0,0
56,8,2015-07-20,3,0,0,0,0,0,1,0,0,0,1,1,1,1,1,1,1,0,0,0,0,0,0,0,0,0,0,0,0,0,0,0,0,0,1,0,1,1,2,4,0,0
57,8,2015-07-20,4,0,0,0,0,0,1,1,1,1,1,1,1,1,1,1,1,0,0,0,0,0,0,1,1,1,1,1,1,1,1,1,0,0,1,0,2,3,2,4,0,9
48,8,2015-07-21,1,0,0,0,0,0,1,0,0,0,1,1,0,1,0,0,0,0,0,0,0,0,0,0,0,0,0,0,0,0,0,0,0,0,0,1,1,1,1,1,0,0
49,8,2015-07-21,2,0,0,0,0,0,1,1,1,0,1,0,0,0,0,0,0,0,0,0,0,0,0,1,0,0,0,0,0,1,0,1,0,0,1,0,2,2,0,0,0,3
50,8,2015-07-21,3,0,0,0,0,0,1,1,1,1,1,0,0,0,0,0,0,0,0,0,0,0,0,1,0,0,0,0,1,1,1,1,0,0,1,0,2,3,0,0,0,5
51,8,2015-07-21,4,0,0,0,0,0,1,1,1,1,1,0,0,0,0,1,0,0,0,0,0,0,0,0,0,0,0,0,1,1,0,1,0,0,1,0,2,3,0,1,0,3
52,8,2015-07-27,2,0,0,0,0,0,1,1,1,1,1,1,0,1,1,1,1,0,0,0,0,0,0,1,1,1,1,1,1,1,1,1,0,0,1,0,2,3,1,4,0,9
53,8,2015-07-27,3,0,0,0,0,0,1,1,1,1,1,1,1,1,1,1,1,0,0,0,0,0,0,1,1,1,1,1,1,1,1,1,0,0,1,0,2,3,2,4,0,9
54,8,2015-07-27,4,0,0,0,0,0,1,1,1,1,1,1,1,1,1,1,1,0,0,0,0,0,0,1,1,1,1,1,1,1,1,1,0,0,1,0,2,3,2,4,0,9
62,8,2015-07-28,1,0,0,0,0,0,1,0,0,1,0,1,1,1,1,0,1,0,0,0,0,0,0,0,0,0,0,0,0,0,0,0,0,0,0,1,1,1,2,3,0,0
63,8,2015-07-28,2,0,0,0,0,0,1,0,1,1,1,1,0,1,1,1,1,0,0,0,0,0,0,0,1,0,0,0,0,0,0,1,0,0,1,0,1,3,1,4,0,2
64,8,2015-07-28,3,0,0,0,0,0,1,0,0,1,1,1,0,1,1,1,1,0,0,0,0,0,0,0,1,0,0,0,0,1,0,1,0,0,1,0,1,2,1,4,0,3
65,8,2015-07-28,4,0,0,0,0,0,1,0,0,1,1,1,0,1,1,1,0,0,0,0,0,0,0,0,0,0,0,0,0,1,0,0,0,0,0,1,1,2,1,3,0,1
24,9,2015-07-09,1,0,0,0,0,0,1,0,0,0,1,0,0,0,0,0,0,0,0,0,0,0,0,0,0,0,0,0,0,0,0,0,0,0,0,1,1,1,0,0,0,0
25,9,2015-07-09,2,0,0,0,0,0,1,1,1,1,0,0,0,0,0,0,0,0,0,0,0,0,0,0,0,0,0,0,0,1,0,0,1,0,0,0,2,2,0,0,0,1
26,9,2015-07-09,3,0,0,0,0,0,1,0,1,0,0,1,1,1,0,1,0,0,0,0,0,0,0,0,0,0,1,1,1,1,1,0,1,0,0,0,1,1,2,2,0,5
27,9,2015-07-09,4,0,0,0,0,0,1,1,1,0,0,0,0,1,0,1,0,0,0,0,0,0,0,0,0,0,1,1,0,1,1,0,1,0,0,0,2,1,0,2,0,4
40,9,2015-07-15,1,0,0,0,0,0,0,1,1,1,1,1,1,1,1,1,1,1,1,1,0,0,0,1,0,0,0,0,0,1,0,1,1,0,0,0,1,3,2,4,3,3
41,9,2015-07-15,2,0,0,0,0,0,1,1,1,1,1,1,1,1,0,1,1,1,1,1,0,0,1,1,0,1,0,0,0,1,1,0,1,0,0,0,2,3,2,3,4,4
42,9,2015-07-15,3,0,0,0,0,0,1,0,1,1,1,1,1,1,0,1,0,0,0,0,0,0,0,0,1,0,0,0,0,0,0,0,0,0,0,1,1,3,2,2,0,1
43,9,2015-07-15,4,0,0,0,0,0,1,0,1,1,1,1,1,1,1,1,1,0,0,0,0,0,0,1,1,0,0,0,0,1,0,1,1,0,0,0,1,3,2,4,0,4
36,9,2015-07-16,1,0,0,0,0,0,1,1,1,1,1,1,1,0,0,0,0,1,1,1,0,0,0,1,0,0,0,0,1,1,1,0,1,0,0,0,2,3,2,0,3,4
37,9,2015-07-16,2,0,0,0,0,0,1,1,1,1,1,0,0,0,0,0,0,1,1,1,0,0,1,1,0,0,0,0,0,1,0,1,1,0,0,0,2,3,0,0,4,3
38,9,2015-07-16,3,0,0,0,0,0,0,1,1,1,1,0,0,0,0,0,0,1,1,1,0,0,0,1,0,0,0,0,0,1,1,1,1,0,0,0,1,3,0,0,3,4
39,9,2015-07-16,4,0,0,0,0,0,0,1,1,1,1,0,0,0,0,0,0,1,1,1,0,0,0,1,1,0,0,0,0,1,1,1,1,0,0,0,1,3,0,0,3,5
32,9,2015-07-22,1,0,0,0,0,0,1,1,1,1,1,1,1,1,0,0,0,0,0,0,0,0,0,1,1,1,1,0,1,1,1,1,0,1,0,0,2,3,2,1,0,8
33,9,2015-07-22,2,0,0,0,0,0,1,0,1,0,1,1,1,1,1,1,1,1,1,0,1,1,1,0,1,0,0,0,0,1,0,1,0,0,0,1,1,2,2,4,5,3
34,9,2015-07-22,3,0,0,0,0,0,1,0,0,1,1,1,0,1,1,0,1,0,0,0,0,0,0,0,0,0,0,0,0,0,0,0,0,0,0,1,1,2,1,3,0,0
35,9,2015-07-22,4,0,0,0,0,0,1,1,1,1,1,1,1,1,1,1,1,0,0,0,0,0,0,1,1,0,0,0,0,0,1,1,1,0,0,0,2,3,2,4,0,4
44,9,2015-07-23,1,0,0,0,0,0,1,1,1,1,0,1,0,1,0,1,0,1,1,0,0,0,0,0,1,0,0,0,0,1,0,1,1,0,0,0,2,2,1,2,2,3
45,9,2015-07-23,2,0,0,0,0,0,1,1,1,1,1,1,0,1,0,1,0,1,0,0,0,0,0,1,1,1,0,0,1,1,0,1,1,0,0,0,2,3,1,2,1,6
46,9,2015-07-23,3,0,0,0,0,0,1,1,1,1,1,1,0,1,0,1,0,1,1,1,0,0,0,1,1,0,0,0,1,1,0,1,1,0,0,0,2,3,1,2,3,5
47,9,2015-07-23,4,0,0,0,0,0,1,0,0,0,0,0,0,1,0,1,0,1,0,0,0,0,0,0,0,0,0,1,0,1,0,0,1,0,0,0,1,0,0,2,1,2
28,9,2015-07-29,1,0,0,0,0,0,0,1,0,0,1,0,0,0,0,0,0,0,0,0,0,0,0,0,0,0,0,0,0,1,0,0,0,0,1,0,1,1,0,0,0,1
29,9,2015-07-29,2,0,0,0,0,0,1,0,1,0,1,1,1,1,1,1,1,0,0,0,0,0,0,0,1,0,0,0,0,1,0,1,0,0,1,0,1,2,2,4,0,3
30,9,2015-07-29,3,0,0,0,0,0,1,0,0,0,0,0,1,0,0,0,0,0,0,0,0,0,0,0,0,0,0,0,0,0,0,0,0,0,0,1,1,0,1,0,0,0
31,9,2015-07-29,4,0,0,0,0,0,1,0,0,1,1,1,1,1,1,0,1,1,0,0,1,0,0,0,0,0,0,0,0,1,0,0,1,0,0,0,1,2,2,3,2,1
17,10,2015-07-15,2,0,0,0,0,0,1,1,1,1,0,1,0,0,0,0,0,0,0,0,0,0,0,0,0,0,0,1,0,1,0,0,1,0,0,0,2,2,1,0,0,2
18,10,2015-07-15,3,0,0,0,0,0,1,1,1,0,0,0,0,1,0,0,0,0,0,0,0,0,0,0,0,0,0,0,0,1,0,0,1,0,0,0,2,1,0,1,0,1
19,10,2015-07-15,4,0,0,0,0,0,1,1,1,0,0,0,0,0,0,1,0,0,0,0,0,0,0,0,0,0,0,0,0,1,0,0,1,0,0,0,2,1,0,1,0,1
13,10,2015-07-16,1,0,0,0,0,0,0,1,1,1,0,0,1,0,0,0,0,1,1,0,0,0,0,0,0,0,0,0,0,1,0,0,1,0,0,0,1,2,1,0,2,1
14,10,2015-07-16,2,0,0,0,0,0,0,1,0,0,0,0,0,0,0,0,0,0,0,0,0,0,0,0,0,0,0,0,0,1,0,0,0,0,0,1,1,0,0,0,0,1
15,10,2015-07-16,3,0,0,0,0,0,1,1,0,0,0,0,0,0,0,0,0,0,0,0,0,0,0,0,1,0,1,0,0,1,0,1,1,0,0,0,2,0,0,0,0,4
16,10,2015-07-16,4,0,0,0,0,0,0,1,1,0,0,1,1,1,1,1,1,0,0,0,1,0,0,0,0,0,0,0,0,1,0,0,1,0,0,0,1,1,2,4,1,1
20,10,2015-07-22,1,0,0,0,0,0,1,0,0,0,0,1,0,1,0,1,0,0,0,0,0,0,0,0,0,0,0,0,0,1,0,0,0,0,0,1,1,0,1,2,0,1
21,10,2015-07-22,2,0,0,0,0,0,1,0,1,1,1,1,0,0,0,1,0,0,0,0,0,0,0,0,0,0,0,0,0,0,0,0,1,0,0,0,1,3,1,1,0,0
22,10,2015-07-22,3,0,0,0,0,0,1,0,0,0,0,1,0,0,0,1,0,0,0,0,0,0,0,0,0,0,0,0,0,0,0,0,1,0,0,0,1,0,1,1,0,0
23,10,2015-07-22,4,0,0,0,0,0,1,1,1,1,1,1,1,1,0,1,0,0,1,0,0,0,0,0,0,0,0,1,1,1,0,0,1,0,0,0,2,3,2,2,1,3
9,10,2015-07-23,1,0,0,0,0,0,1,0,0,0,1,0,0,0,1,1,1,0,0,0,1,1,0,0,1,0,0,0,0,1,0,0,1,0,0,0,1,1,0,3,2,2
10,10,2015-07-23,2,0,0,0,0,0,1,0,1,0,1,1,0,1,1,1,1,0,0,0,0,0,0,1,1,0,0,0,0,1,0,0,1,0,0,0,1,2,1,4,0,3
11,10,2015-07-23,3,0,0,0,0,0,1,0,0,0,0,1,0,1,0,0,0,0,0,0,0,0,0,0,0,0,0,0,0,0,0,0,0,0,0,1,1,0,1,1,0,0
12,10,2015-07-23,4,0,0,0,0,0,1,0,1,1,1,0,1,1,1,1,1,0,0,1,1,0,0,0,0,0,0,0,0,0,0,0,1,0,0,0,1,3,1,4,2,0
5,10,2015-07-28,1,0,0,0,0,0,1,0,0,0,1,1,0,1,0,0,0,0,0,0,0,0,0,0,0,0,0,0,0,0,0,0,0,0,0,1,1,1,1,1,0,0
6,10,2015-07-28,2,0,0,0,0,0,0,0,0,0,0,0,0,0,0,0,0,0,0,0,0,0,0,0,0,0,0,0,0,0,0,0,0,0,0,1,0,0,0,0,0,0
7,10,2015-07-28,3,0,0,0,0,0,1,1,1,1,1,1,1,1,1,1,1,0,0,0,0,1,0,0,0,1,0,1,0,1,1,1,1,0,0,0,2,3,2,4,1,5
8,10,2015-07-28,4,0,0,0,0,0,1,1,1,1,1,1,1,1,1,1,1,1,1,0,0,1,0,1,0,1,0,1,0,1,1,1,1,0,0,0,2,3,2,4,3,6
1,10,2015-07-29,1,0,0,0,0,0,1,1,1,1,1,1,0,0,0,0,0,0,0,0,0,0,0,1,0,0,0,0,0,0,0,1,1,0,0,0,2,3,1,0,0,2
2,10,2015-07-29,2,0,0,0,0,0,1,1,1,1,1,1,0,1,0,1,0,1,1,1,0,0,0,1,1,1,0,0,0,1,1,1,1,0,0,0,2,3,1,2,3,6
3,10,2015-07-29,3,0,0,0,0,0,1,0,1,1,1,0,1,1,0,1,0,0,0,0,0,0,0,1,0,0,0,0,0,1,0,0,1,0,0,0,1,3,1,2,0,2
4,10,2015-07-29,4,0,0,0,0,0,1,1,1,1,1,0,0,1,0,1,0,0,0,0,0,0,0,1,0,0,1,0,0,1,1,0,1,0,0,0,2,3,0,2,0,4
