participant_ID,program_ID,rm_engagement,pre_interest,post_interest,gender_female
1001,1,3,4,4,0
1001,1,2.75,4,NA,0
1001,1,2.75,4,NA,0
1001,1,2.5,4,NA,0
1001,1,3,4,NA,0
1001,1,2.5,4,NA,0
1001,1,2.75,4,NA,0
1001,1,3.25,4,NA,0
1001,1,3.75,4,NA,0
1001,1,3,4,NA,0
1002,1,3.5,3.6666666666666665,4,1
1002,1,3.75,3.6666666666666665,NA,1
1002,1,3.5,3.6666666666666665,NA,1
1002,1,3.5,3.6666666666666665,NA,1
1002,1,3.75,3.6666666666666665,NA,1
1002,1,3.75,3.6666666666666665,NA,1
1002,1,3,3.6666666666666665,NA,1
1002,1,2.75,3.6666666666666665,NA,1
1002,1,4,3.6666666666666665,NA,1
1002,1,4,3.6666666666666665,NA,1
1002,1,3.5,3.6666666666666665,NA,1
1002,1,3.25,3.6666666666666665,NA,1
1002,1,4,3.6666666666666665,NA,1
1002,1,4,3.6666666666666665,NA,1
1002,1,4,3.6666666666666665,NA,1
1002,1,4,3.6666666666666665,NA,1
1002,1,4,3.6666666666666665,NA,1
1002,1,3.25,3.6666666666666665,NA,1
1002,1,3.5,3.6666666666666665,NA,1
1002,1,3.75,3.6666666666666665,NA,1
1002,1,4,3.6666666666666665,NA,1
1002,1,3,3.6666666666666665,NA,1
1003,1,2.5,3.6666666666666665,3.3333333333333335,0
1003,1,2,3.6666666666666665,NA,0
1003,1,3,3.6666666666666665,NA,0
1003,1,3.25,3.6666666666666665,NA,0
1003,1,2,3.6666666666666665,NA,0
1003,1,2.25,3.6666666666666665,NA,0
1003,1,2.5,3.6666666666666665,NA,0
1003,1,3,3.6666666666666665,NA,0
1003,1,2.25,3.6666666666666665,NA,0
1003,1,3,3.6666666666666665,NA,0
1003,1,2.75,3.6666666666666665,NA,0
1003,1,2.75,3.6666666666666665,NA,0
1003,1,2.75,3.6666666666666665,NA,0
1003,1,2.5,3.6666666666666665,NA,0
1003,1,2.75,3.6666666666666665,NA,0
1003,1,3,3.6666666666666665,NA,0
1004,1,3.5,1.3333333333333333,4,0
1004,1,4,1.3333333333333333,NA,0
1004,1,4,1.3333333333333333,NA,0
1004,1,4,1.3333333333333333,NA,0
1004,1,4,1.3333333333333333,NA,0
1004,1,4,1.3333333333333333,NA,0
1004,1,4,1.3333333333333333,NA,0
1004,1,4,1.3333333333333333,NA,0
1004,1,4,1.3333333333333333,NA,0
1004,1,4,1.3333333333333333,NA,0
1004,1,4,1.3333333333333333,NA,0
1004,1,4,1.3333333333333333,NA,0
1004,1,4,1.3333333333333333,NA,0
1004,1,4,1.3333333333333333,NA,0
1005,1,3,3.3333333333333335,3.3333333333333335,0
1005,1,3.25,3.3333333333333335,NA,0
1005,1,3,3.3333333333333335,NA,0
1005,1,3,3.3333333333333335,NA,0
1005,1,3,3.3333333333333335,NA,0
1005,1,3,3.3333333333333335,NA,0
1005,1,3,3.3333333333333335,NA,0
1005,1,3,3.3333333333333335,NA,0
1005,1,2.5,3.3333333333333335,NA,0
1005,1,2.5,3.3333333333333335,NA,0
1005,1,3,3.3333333333333335,NA,0
1005,1,2.75,3.3333333333333335,NA,0
1005,1,3,3.3333333333333335,NA,0
1005,1,2.75,3.3333333333333335,NA,0
1005,1,3,3.3333333333333335,NA,0
1005,1,3,3.3333333333333335,NA,0
1005,1,2,3.3333333333333335,NA,0
1005,1,3,3.3333333333333335,NA,0
1005,1,3,3.3333333333333335,NA,0
1005,1,3,3.3333333333333335,NA,0
1005,1,2.75,3.3333333333333335,NA,0
1005,1,2.75,3.3333333333333335,NA,0
1005,1,3,3.3333333333333335,NA,0
1005,1,2.75,3.3333333333333335,NA,0
1006,1,2.25,3.6666666666666665,NA,1
1006,1,2,3.6666666666666665,NA,1
1006,1,2.25,3.6666666666666665,NA,1
1006,1,2.75,3.6666666666666665,NA,1
1007,1,2,3.3333333333333335,2.3333333333333335,1
1007,1,2.5,3.3333333333333335,NA,1
1007,1,2.25,3.3333333333333335,NA,1
1007,1,2,3.3333333333333335,NA,1
1007,1,2.25,3.3333333333333335,NA,1
1007,1,1.75,3.3333333333333335,NA,1
1007,1,2.5,3.3333333333333335,NA,1
1007,1,2.5,3.3333333333333335,NA,1
1007,1,2.25,3.3333333333333335,NA,1
1007,1,2.5,3.3333333333333335,NA,1
1007,1,2,3.3333333333333335,NA,1
1007,1,2.25,3.3333333333333335,NA,1
1007,1,2,3.3333333333333335,NA,1
1007,1,2.5,3.3333333333333335,NA,1
1007,1,2.25,3.3333333333333335,NA,1
1007,1,2.25,3.3333333333333335,NA,1
1007,1,2,3.3333333333333335,NA,1
1007,1,2.25,3.3333333333333335,NA,1
1007,1,1,3.3333333333333335,NA,1
1007,1,2,3.3333333333333335,NA,1
1007,1,2,3.3333333333333335,NA,1
1007,1,2.25,3.3333333333333335,NA,1
1007,1,2,3.3333333333333335,NA,1
1008,1,1.75,4,4,1
1008,1,2.5,4,NA,1
1008,1,2.5,4,NA,1
1008,1,2.25,4,NA,1
1008,1,2.5,4,NA,1
1008,1,1.75,4,NA,1
1008,1,1.5,4,NA,1
1008,1,1.25,4,NA,1
1008,1,2.5,4,NA,1
1008,1,3.25,4,NA,1
1008,1,1.25,4,NA,1
1008,1,2,4,NA,1
1008,1,2.75,4,NA,1
1008,1,1.75,4,NA,1
1008,1,1,4,NA,1
1008,1,2.5,4,NA,1
1009,1,3,4,4,0
1009,1,2,4,NA,0
1009,1,3.5,4,NA,0
1009,1,3.25,4,NA,0
1009,1,2.25,4,NA,0
1009,1,2.25,4,NA,0
1009,1,2.25,4,NA,0
1009,1,2.25,4,NA,0
1009,1,2.25,4,NA,0
1009,1,2.25,4,NA,0
1009,1,2.25,4,NA,0
1010,1,3.25,3,3,0
1010,1,4,3,NA,0
1010,1,2.5,3,NA,0
1010,1,2.75,3,NA,0
1010,1,3,3,NA,0
1010,1,3.25,3,NA,0
1010,1,3,3,NA,0
1010,1,3.25,3,NA,0
1010,1,3.25,3,NA,0
1010,1,3,3,NA,0
1010,1,2.75,3,NA,0
1010,1,3,3,NA,0
2012,2,2.5,1,1,1
2012,2,3.5,1,NA,1
2012,2,1.75,1,NA,1
2012,2,2,1,NA,1
2012,2,1.75,1,NA,1
2012,2,3.25,1,NA,1
2012,2,2.25,1,NA,1
2012,2,2.5,1,NA,1
2012,2,3.75,1,NA,1
2012,2,2.5,1,NA,1
2012,2,2.25,1,NA,1
2012,2,1.75,1,NA,1
2012,2,2,1,NA,1
2012,2,1.5,1,NA,1
2012,2,2.25,1,NA,1
2012,2,2.25,1,NA,1
2012,2,1.75,1,NA,1
2012,2,2.5,1,NA,1
2012,2,2.75,1,NA,1
2012,2,2.75,1,NA,1
2013,2,2.25,1,NA,0
2013,2,1.5,1,NA,0
2013,2,1.75,1,NA,0
2013,2,1,1,NA,0
2013,2,2.5,1,NA,0
2013,2,2,1,NA,0
2013,2,1.5,1,NA,0
2013,2,1.75,1,NA,0
2013,2,1.5,1,NA,0
2013,2,2.5,1,NA,0
2013,2,1,1,NA,0
2013,2,1.75,1,NA,0
2014,2,2,1.6666666666666667,2.3333333333333335,1
2014,2,2.5,1.6666666666666667,NA,1
2014,2,2.5,1.6666666666666667,NA,1
2014,2,3.75,1.6666666666666667,NA,1
2014,2,1.75,1.6666666666666667,NA,1
2014,2,3,1.6666666666666667,NA,1
2014,2,2.75,1.6666666666666667,NA,1
2014,2,3,1.6666666666666667,NA,1
2014,2,3,1.6666666666666667,NA,1
2014,2,3,1.6666666666666667,NA,1
2014,2,2.5,1.6666666666666667,NA,1
2014,2,3.25,1.6666666666666667,NA,1
2014,2,3,1.6666666666666667,NA,1
2014,2,2.75,1.6666666666666667,NA,1
2014,2,3,1.6666666666666667,NA,1
2014,2,3.25,1.6666666666666667,NA,1
2014,2,2.5,1.6666666666666667,NA,1
2014,2,2.5,1.6666666666666667,NA,1
2014,2,2.5,1.6666666666666667,NA,1
2014,2,3,1.6666666666666667,NA,1
2015,2,3.5,2,2,0
2015,2,3.25,2,NA,0
2015,2,3.5,2,NA,0
2015,2,3.25,2,NA,0
2015,2,4,2,NA,0
2015,2,3,2,NA,0
2015,2,3.5,2,NA,0
2015,2,3.5,2,NA,0
2015,2,3,2,NA,0
2015,2,3,2,NA,0
2015,2,3.25,2,NA,0
2015,2,4,2,NA,0
2015,2,3.5,2,NA,0
2015,2,3.75,2,NA,0
2015,2,3.75,2,NA,0
2015,2,3,2,NA,0
2018,2,1.75,3,2.3333333333333335,1
2018,2,2,3,NA,1
2018,2,2,3,NA,1
2018,2,2,3,NA,1
2018,2,1,3,NA,1
2018,2,2.5,3,NA,1
2018,2,2,3,NA,1
2018,2,2,3,NA,1
2018,2,2.5,3,NA,1
2018,2,2,3,NA,1
2018,2,2,3,NA,1
2018,2,2,3,NA,1
2018,2,2.5,3,NA,1
2018,2,2,3,NA,1
2018,2,2,3,NA,1
2018,2,2,3,NA,1
2018,2,2.25,3,NA,1
2018,2,2,3,NA,1
2018,2,1.25,3,NA,1
2018,2,1.75,3,NA,1
2018,2,1.75,3,NA,1
2018,2,2.25,3,NA,1
2018,2,1.5,3,NA,1
2018,2,2,3,NA,1
2019,2,2,2.3333333333333335,2.6666666666666665,1
2019,2,3,2.3333333333333335,NA,1
2019,2,2.25,2.3333333333333335,NA,1
2019,2,2,2.3333333333333335,NA,1
2019,2,2,2.3333333333333335,NA,1
2019,2,2,2.3333333333333335,NA,1
2019,2,2,2.3333333333333335,NA,1
2019,2,2,2.3333333333333335,NA,1
2019,2,2,2.3333333333333335,NA,1
2019,2,2,2.3333333333333335,NA,1
2019,2,2,2.3333333333333335,NA,1
2019,2,2,2.3333333333333335,NA,1
2019,2,2,2.3333333333333335,NA,1
2019,2,2,2.3333333333333335,NA,1
2019,2,2,2.3333333333333335,NA,1
2019,2,2.25,2.3333333333333335,NA,1
2019,2,1.75,2.3333333333333335,NA,1
2019,2,2,2.3333333333333335,NA,1
2019,2,2,2.3333333333333335,NA,1
2019,2,2,2.3333333333333335,NA,1
2019,2,2,2.3333333333333335,NA,1
2019,2,2,2.3333333333333335,NA,1
2019,2,2,2.3333333333333335,NA,1
2020,2,2.25,1,NA,1
2020,2,2.5,1,NA,1
2020,2,1.75,1,NA,1
2020,2,2,1,NA,1
2020,2,2.25,1,NA,1
2020,2,1.5,1,NA,1
2020,2,2,1,NA,1
2021,2,2,1,1.6666666666666667,1
2021,2,2,1,NA,1
2021,2,2.25,1,NA,1
2021,2,3,1,NA,1
2021,2,2.75,1,NA,1
2021,2,2.25,1,NA,1
2021,2,2.5,1,NA,1
2021,2,2.5,1,NA,1
2021,2,3,1,NA,1
2021,2,2,1,NA,1
2021,2,2.25,1,NA,1
2021,2,2.5,1,NA,1
2021,2,2.75,1,NA,1
2021,2,2.25,1,NA,1
2021,2,2.25,1,NA,1
2021,2,1.75,1,NA,1
2021,2,2.5,1,NA,1
2022,2,2.5,3,3,1
2022,2,3.5,3,NA,1
2022,2,3,3,NA,1
2022,2,2.5,3,NA,1
2022,2,2.25,3,NA,1
2022,2,2,3,NA,1
2022,2,3,3,NA,1
2022,2,2.75,3,NA,1
2022,2,2.25,3,NA,1
2022,2,2.5,3,NA,1
2022,2,3,3,NA,1
2022,2,2.75,3,NA,1
2022,2,2.25,3,NA,1
2022,2,2.25,3,NA,1
2022,2,2.25,3,NA,1
2022,2,2.25,3,NA,1
2022,2,2.25,3,NA,1
2022,2,1.5,3,NA,1
2022,2,2.25,3,NA,1
2023,2,1.5,1,1.3333333333333333,1
2023,2,1.5,1,NA,1
2023,2,2.75,1,NA,1
2023,2,1.25,1,NA,1
2025,2,3.25,2,2.3333333333333335,1
2025,2,2.75,2,NA,1
2025,2,3.25,2,NA,1
2025,2,4,2,NA,1
2025,2,3.5,2,NA,1
2025,2,3.5,2,NA,1
2025,2,3.25,2,NA,1
2025,2,3.5,2,NA,1
2025,2,3.75,2,NA,1
2025,2,3.5,2,NA,1
2025,2,4,2,NA,1
2025,2,3.5,2,NA,1
2025,2,3.75,2,NA,1
2025,2,2.25,2,NA,1
2025,2,2.75,2,NA,1
2025,2,2.75,2,NA,1
2025,2,2.75,2,NA,1
2025,2,3.25,2,NA,1
2025,2,2.75,2,NA,1
2025,2,3.25,2,NA,1
2025,2,2.5,2,NA,1
2025,2,2.75,2,NA,1
2038,2,3.5,2.3333333333333335,NA,0
2038,2,4,2.3333333333333335,NA,0
2038,2,3.5,2.3333333333333335,NA,0
2038,2,2.5,2.3333333333333335,NA,0
2038,2,2.25,2.3333333333333335,NA,0
2038,2,2.75,2.3333333333333335,NA,0
2038,2,3.5,2.3333333333333335,NA,0
2038,2,4,2.3333333333333335,NA,0
2038,2,4,2.3333333333333335,NA,0
2038,2,4,2.3333333333333335,NA,0
2038,2,2.75,2.3333333333333335,NA,0
2038,2,3.25,2.3333333333333335,NA,0
2038,2,3.5,2.3333333333333335,NA,0
2038,2,4,2.3333333333333335,NA,0
2038,2,4,2.3333333333333335,NA,0
2038,2,4,2.3333333333333335,NA,0
2038,2,2.75,2.3333333333333335,NA,0
2038,2,1,2.3333333333333335,NA,0
2038,2,4,2.3333333333333335,NA,0
2038,2,4,2.3333333333333335,NA,0
2038,2,1,2.3333333333333335,NA,0
2038,2,3,2.3333333333333335,NA,0
2039,2,2.25,1.3333333333333333,1,1
2039,2,1.75,1.3333333333333333,NA,1
2039,2,2.5,1.3333333333333333,NA,1
2039,2,2.75,1.3333333333333333,NA,1
2039,2,3.5,1.3333333333333333,NA,1
2039,2,3.75,1.3333333333333333,NA,1
2039,2,1.75,1.3333333333333333,NA,1
2039,2,1.75,1.3333333333333333,NA,1
2039,2,1.5,1.3333333333333333,NA,1
2039,2,3.5,1.3333333333333333,NA,1
2039,2,2.5,1.3333333333333333,NA,1
2039,2,2,1.3333333333333333,NA,1
2039,2,2,1.3333333333333333,NA,1
2039,2,2.25,1.3333333333333333,NA,1
2039,2,2,1.3333333333333333,NA,1
2039,2,2.5,1.3333333333333333,NA,1
2039,2,2,1.3333333333333333,NA,1
2039,2,2.5,1.3333333333333333,NA,1
2039,2,2,1.3333333333333333,NA,1
2039,2,2.5,1.3333333333333333,NA,1
2039,2,1.75,1.3333333333333333,NA,1
2039,2,2.75,1.3333333333333333,NA,1
2039,2,2.25,1.3333333333333333,NA,1
2040,2,1.5,NA,1.6666666666666667,0
2040,2,3,NA,NA,0
2040,2,2.25,NA,NA,0
2040,2,3.5,NA,NA,0
2040,2,1.25,NA,NA,0
2040,2,1,NA,NA,0
2040,2,1,NA,NA,0
2040,2,2.25,NA,NA,0
2040,2,1,NA,NA,0
2040,2,1,NA,NA,0
2040,2,1,NA,NA,0
2040,2,1,NA,NA,0
2040,2,1,NA,NA,0
2040,2,2,NA,NA,0
2040,2,1,NA,NA,0
2040,2,1,NA,NA,0
2040,2,1,NA,NA,0
2040,2,1,NA,NA,0
2040,2,1,NA,NA,0
2040,2,1,NA,NA,0
2041,2,3,2.3333333333333335,1.6666666666666667,0
2041,2,2,2.3333333333333335,NA,0
2041,2,1.25,2.3333333333333335,NA,0
2041,2,2,2.3333333333333335,NA,0
2041,2,1,2.3333333333333335,NA,0
2041,2,1,2.3333333333333335,NA,0
2041,2,1.25,2.3333333333333335,NA,0
2041,2,1,2.3333333333333335,NA,0
2041,2,1.5,2.3333333333333335,NA,0
2041,2,1.25,2.3333333333333335,NA,0
2041,2,1.25,2.3333333333333335,NA,0
2041,2,1.75,2.3333333333333335,NA,0
2041,2,1.5,2.3333333333333335,NA,0
2041,2,1.75,2.3333333333333335,NA,0
2041,2,2.5,2.3333333333333335,NA,0
2041,2,1.25,2.3333333333333335,NA,0
2041,2,1.75,2.3333333333333335,NA,0
2041,2,1,2.3333333333333335,NA,0
2041,2,1,2.3333333333333335,NA,0
2041,2,1.25,2.3333333333333335,NA,0
2041,2,1.25,2.3333333333333335,NA,0
2041,2,2.25,2.3333333333333335,NA,0
2041,2,4,2.3333333333333335,NA,0
2041,2,3,2.3333333333333335,NA,0
2042,2,1.75,1.6666666666666667,1,1
2042,2,1.25,1.6666666666666667,NA,1
2042,2,1,1.6666666666666667,NA,1
2042,2,2.25,1.6666666666666667,NA,1
2042,2,3,1.6666666666666667,NA,1
2042,2,2,1.6666666666666667,NA,1
2042,2,1.5,1.6666666666666667,NA,1
2042,2,2,1.6666666666666667,NA,1
2042,2,2,1.6666666666666667,NA,1
2042,2,1.25,1.6666666666666667,NA,1
2042,2,2.75,1.6666666666666667,NA,1
2042,2,3.25,1.6666666666666667,NA,1
2042,2,2.25,1.6666666666666667,NA,1
2042,2,2,1.6666666666666667,NA,1
2042,2,2,1.6666666666666667,NA,1
2042,2,1,1.6666666666666667,NA,1
2042,2,1.25,1.6666666666666667,NA,1
2042,2,1.75,1.6666666666666667,NA,1
2042,2,1.5,1.6666666666666667,NA,1
2042,2,2,1.6666666666666667,NA,1
2042,2,1,1.6666666666666667,NA,1
2042,2,1.5,1.6666666666666667,NA,1
2042,2,2,1.6666666666666667,NA,1
2043,2,4,3.3333333333333335,4,0
2043,2,3.5,3.3333333333333335,NA,0
2043,2,3.75,3.3333333333333335,NA,0
2043,2,4,3.3333333333333335,NA,0
2043,2,4,3.3333333333333335,NA,0
2043,2,4,3.3333333333333335,NA,0
2043,2,3,3.3333333333333335,NA,0
2043,2,3,3.3333333333333335,NA,0
2043,2,4,3.3333333333333335,NA,0
2043,2,4,3.3333333333333335,NA,0
2043,2,3.5,3.3333333333333335,NA,0
2043,2,4,3.3333333333333335,NA,0
2043,2,4,3.3333333333333335,NA,0
2043,2,4,3.3333333333333335,NA,0
2043,2,3.75,3.3333333333333335,NA,0
2043,2,3.75,3.3333333333333335,NA,0
2043,2,4,3.3333333333333335,NA,0
2043,2,4,3.3333333333333335,NA,0
2043,2,3.75,3.3333333333333335,NA,0
2043,2,4,3.3333333333333335,NA,0
2043,2,4,3.3333333333333335,NA,0
2043,2,4,3.3333333333333335,NA,0
2043,2,3,3.3333333333333335,NA,0
2043,2,4,3.3333333333333335,NA,0
5044,5,3.25,3,3.3333333333333335,0
5044,5,4,3,NA,0
5044,5,2.5,3,NA,0
5044,5,3.75,3,NA,0
5044,5,2.25,3,NA,0
5044,5,3.5,3,NA,0
5044,5,3.25,3,NA,0
5044,5,3.25,3,NA,0
5044,5,3.75,3,NA,0
5044,5,3,3,NA,0
2045,2,2.75,2.6666666666666665,2,1
2045,2,2.75,2.6666666666666665,NA,1
2045,2,2,2.6666666666666665,NA,1
2045,2,1.75,2.6666666666666665,NA,1
2045,2,3,2.6666666666666665,NA,1
2045,2,4,2.6666666666666665,NA,1
2045,2,2,2.6666666666666665,NA,1
2045,2,2.5,2.6666666666666665,NA,1
2045,2,2,2.6666666666666665,NA,1
2045,2,2.5,2.6666666666666665,NA,1
2045,2,2.75,2.6666666666666665,NA,1
2045,2,3.75,2.6666666666666665,NA,1
2045,2,2.75,2.6666666666666665,NA,1
2045,2,2.25,2.6666666666666665,NA,1
2045,2,2.25,2.6666666666666665,NA,1
2046,2,1,3,2.3333333333333335,0
2046,2,4,3,NA,0
2046,2,3.25,3,NA,0
2046,2,4,3,NA,0
2046,2,3,3,NA,0
2046,2,4,3,NA,0
2046,2,4,3,NA,0
2046,2,2.75,3,NA,0
2046,2,4,3,NA,0
2046,2,4,3,NA,0
2046,2,3.5,3,NA,0
2046,2,4,3,NA,0
2046,2,4,3,NA,0
2046,2,4,3,NA,0
2046,2,4,3,NA,0
2046,2,4,3,NA,0
2046,2,4,3,NA,0
2046,2,4,3,NA,0
2046,2,4,3,NA,0
2047,2,2.75,1,NA,1
2047,2,2.75,1,NA,1
2047,2,3.5,1,NA,1
2047,2,2.75,1,NA,1
2047,2,2,1,NA,1
2047,2,2.75,1,NA,1
2047,2,1.25,1,NA,1
2047,2,3.75,1,NA,1
2047,2,3.5,1,NA,1
2047,2,4,1,NA,1
2047,2,2.75,1,NA,1
2047,2,1,1,NA,1
2047,2,3.75,1,NA,1
2047,2,2.75,1,NA,1
2047,2,4,1,NA,1
1048,1,3.25,3.3333333333333335,3,1
1048,1,3.75,3.3333333333333335,NA,1
1048,1,2.5,3.3333333333333335,NA,1
1048,1,3.25,3.3333333333333335,NA,1
1048,1,3,3.3333333333333335,NA,1
1048,1,2,3.3333333333333335,NA,1
1048,1,2,3.3333333333333335,NA,1
1048,1,2,3.3333333333333335,NA,1
1048,1,2,3.3333333333333335,NA,1
1048,1,2,3.3333333333333335,NA,1
1048,1,2,3.3333333333333335,NA,1
1048,1,2,3.3333333333333335,NA,1
8200,8,3.25,4,NA,0
8200,8,3.25,4,NA,0
8200,8,3.75,4,NA,0
8200,8,3.75,4,NA,0
8200,8,2.75,4,NA,0
8200,8,2.5,4,NA,0
8200,8,2,4,NA,0
8200,8,2.5,4,NA,0
8200,8,2,4,NA,0
8200,8,3,4,NA,0
8200,8,3.25,4,NA,0
8201,8,3,3,3.3333333333333335,0
8201,8,2.5,3,NA,0
8201,8,2,3,NA,0
8201,8,3,3,NA,0
8201,8,2.25,3,NA,0
8201,8,2.5,3,NA,0
8201,8,2.25,3,NA,0
8201,8,2,3,NA,0
8201,8,2.25,3,NA,0
8201,8,2.25,3,NA,0
8201,8,2,3,NA,0
8201,8,2.25,3,NA,0
8201,8,3,3,NA,0
8201,8,2.75,3,NA,0
8201,8,2,3,NA,0
8201,8,1.5,3,NA,0
8201,8,2.25,3,NA,0
8201,8,1.75,3,NA,0
8201,8,2.25,3,NA,0
4056,4,3.75,NA,3.3333333333333335,0
4056,4,2.5,NA,NA,0
4056,4,3.5,NA,NA,0
4056,4,3,NA,NA,0
4056,4,3,NA,NA,0
4056,4,3,NA,NA,0
4056,4,2.25,NA,NA,0
4056,4,3.25,NA,NA,0
4093,4,4,4,4,1
4093,4,3.75,4,NA,1
4093,4,4,4,NA,1
4093,4,3,4,NA,1
4093,4,4,4,NA,1
4093,4,2.75,4,NA,1
4093,4,3.75,4,NA,1
4093,4,4,4,NA,1
4093,4,4,4,NA,1
4093,4,4,4,NA,1
4093,4,4,4,NA,1
4093,4,2,4,NA,1
4093,4,3,4,NA,1
4093,4,4,4,NA,1
4093,4,1.75,4,NA,1
4093,4,2.25,4,NA,1
4066,4,2,3.3333333333333335,NA,0
4066,4,2,3.3333333333333335,NA,0
4066,4,1.75,3.3333333333333335,NA,0
4066,4,2.5,3.3333333333333335,NA,0
4066,4,2,3.3333333333333335,NA,0
4066,4,3,3.3333333333333335,NA,0
4066,4,2.5,3.3333333333333335,NA,0
4066,4,2.75,3.3333333333333335,NA,0
4066,4,2,3.3333333333333335,NA,0
4066,4,2.25,3.3333333333333335,NA,0
4066,4,1.5,3.3333333333333335,NA,0
4066,4,1.25,3.3333333333333335,NA,0
4066,4,2.25,3.3333333333333335,NA,0
4066,4,1.75,3.3333333333333335,NA,0
4066,4,1.5,3.3333333333333335,NA,0
4066,4,2.5,3.3333333333333335,NA,0
4066,4,3,3.3333333333333335,NA,0
4066,4,2.25,3.3333333333333335,NA,0
4067,4,3.25,4,4,1
4067,4,3.75,4,NA,1
4067,4,2.25,4,NA,1
4067,4,2.75,4,NA,1
4067,4,3.5,4,NA,1
4067,4,3.25,4,NA,1
4067,4,2.25,4,NA,1
4067,4,3.5,4,NA,1
4067,4,3.25,4,NA,1
4067,4,2.25,4,NA,1
4067,4,2.75,4,NA,1
4067,4,3.75,4,NA,1
4067,4,3.5,4,NA,1
4067,4,3.25,4,NA,1
4067,4,3.25,4,NA,1
4067,4,2,4,NA,1
4067,4,2.75,4,NA,1
4067,4,3.5,4,NA,1
4067,4,2.5,4,NA,1
4067,4,2.5,4,NA,1
4068,4,2.75,4,3.6666666666666665,1
4068,4,1.5,4,NA,1
4068,4,1.25,4,NA,1
4068,4,2.25,4,NA,1
4068,4,2.75,4,NA,1
4068,4,2.25,4,NA,1
4068,4,3,4,NA,1
4068,4,2.5,4,NA,1
4068,4,3,4,NA,1
4068,4,3,4,NA,1
4068,4,3.5,4,NA,1
4068,4,4,4,NA,1
4068,4,4,4,NA,1
4068,4,3.5,4,NA,1
4068,4,2.75,4,NA,1
4068,4,4,4,NA,1
4068,4,3.75,4,NA,1
4068,4,2.5,4,NA,1
4068,4,3.5,4,NA,1
4068,4,3.25,4,NA,1
4068,4,3.25,4,NA,1
4069,4,3,3,3.3333333333333335,1
4069,4,2.75,3,NA,1
4069,4,3,3,NA,1
4069,4,3,3,NA,1
4069,4,3,3,NA,1
4069,4,3,3,NA,1
4069,4,2.75,3,NA,1
4069,4,3,3,NA,1
4069,4,3,3,NA,1
4069,4,2.25,3,NA,1
4069,4,3,3,NA,1
4069,4,3,3,NA,1
4069,4,2.5,3,NA,1
4069,4,3,3,NA,1
4070,4,4,4,NA,0
4070,4,2.75,4,NA,0
4070,4,1,4,NA,0
4070,4,4,4,NA,0
4070,4,4,4,NA,0
4070,4,4,4,NA,0
4070,4,4,4,NA,0
4070,4,4,4,NA,0
4070,4,3.75,4,NA,0
4070,4,4,4,NA,0
4070,4,4,4,NA,0
4070,4,4,4,NA,0
4070,4,4,4,NA,0
4070,4,4,4,NA,0
4070,4,4,4,NA,0
4070,4,4,4,NA,0
4071,4,3.25,3.6666666666666665,4,0
4071,4,1.75,3.6666666666666665,NA,0
4071,4,3.25,3.6666666666666665,NA,0
4071,4,2,3.6666666666666665,NA,0
4071,4,1.75,3.6666666666666665,NA,0
4071,4,2.5,3.6666666666666665,NA,0
4073,4,3.25,3,3.3333333333333335,0
4073,4,4,3,NA,0
4073,4,4,3,NA,0
4073,4,4,3,NA,0
4073,4,2.25,3,NA,0
4073,4,2.25,3,NA,0
4073,4,2.75,3,NA,0
4074,4,3.25,4,NA,0
4074,4,3,4,NA,0
4075,4,2,3.6666666666666665,3.3333333333333335,1
4075,4,2.75,3.6666666666666665,NA,1
4075,4,2.75,3.6666666666666665,NA,1
4075,4,2,3.6666666666666665,NA,1
4075,4,2,3.6666666666666665,NA,1
4075,4,2,3.6666666666666665,NA,1
4075,4,2,3.6666666666666665,NA,1
4075,4,2,3.6666666666666665,NA,1
4075,4,2,3.6666666666666665,NA,1
4075,4,2.25,3.6666666666666665,NA,1
4998,4,1,NA,3.6666666666666665,1
4998,4,2.5,NA,NA,1
4998,4,3.25,NA,NA,1
4998,4,2.5,NA,NA,1
4998,4,2,NA,NA,1
4998,4,2.75,NA,NA,1
4998,4,2.75,NA,NA,1
4998,4,3.25,NA,NA,1
4998,4,3,NA,NA,1
4998,4,3,NA,NA,1
4998,4,1.25,NA,NA,1
4077,4,3.75,1.6666666666666667,NA,1
4077,4,2.25,1.6666666666666667,NA,1
4077,4,3.75,1.6666666666666667,NA,1
4077,4,2,1.6666666666666667,NA,1
4077,4,2.25,1.6666666666666667,NA,1
4077,4,1.25,1.6666666666666667,NA,1
4077,4,1.5,1.6666666666666667,NA,1
4078,4,3.5,2.6666666666666665,3,0
4078,4,4,2.6666666666666665,NA,0
4078,4,2.25,2.6666666666666665,NA,0
4078,4,2.25,2.6666666666666665,NA,0
4078,4,3,2.6666666666666665,NA,0
4078,4,2.75,2.6666666666666665,NA,0
4078,4,2,2.6666666666666665,NA,0
4078,4,2,2.6666666666666665,NA,0
4078,4,2,2.6666666666666665,NA,0
4078,4,2.5,2.6666666666666665,NA,0
4078,4,2.5,2.6666666666666665,NA,0
4078,4,2,2.6666666666666665,NA,0
4078,4,2,2.6666666666666665,NA,0
4078,4,3,2.6666666666666665,NA,0
4078,4,2.75,2.6666666666666665,NA,0
4079,4,4,3,3,0
4079,4,3,3,NA,0
4079,4,2.75,3,NA,0
4079,4,3.25,3,NA,0
4079,4,4,3,NA,0
4079,4,3,3,NA,0
4079,4,3.25,3,NA,0
4079,4,4,3,NA,0
4079,4,4,3,NA,0
4079,4,4,3,NA,0
4079,4,4,3,NA,0
4079,4,4,3,NA,0
4079,4,4,3,NA,0
4079,4,4,3,NA,0
4079,4,4,3,NA,0
4079,4,4,3,NA,0
4079,4,4,3,NA,0
4080,4,1.25,3.3333333333333335,2.6666666666666665,1
4080,4,2,3.3333333333333335,NA,1
4080,4,2.75,3.3333333333333335,NA,1
4080,4,3.5,3.3333333333333335,NA,1
4080,4,3.5,3.3333333333333335,NA,1
4080,4,1.75,3.3333333333333335,NA,1
4080,4,1.5,3.3333333333333335,NA,1
4080,4,2.75,3.3333333333333335,NA,1
4080,4,1.75,3.3333333333333335,NA,1
4080,4,3.25,3.3333333333333335,NA,1
4080,4,3,3.3333333333333335,NA,1
4080,4,3,3.3333333333333335,NA,1
4080,4,2.25,3.3333333333333335,NA,1
4080,4,2.75,3.3333333333333335,NA,1
4081,4,3.25,3,3.6666666666666665,0
4081,4,1,3,NA,0
4081,4,3.25,3,NA,0
4081,4,3,3,NA,0
4081,4,3.75,3,NA,0
4081,4,3.5,3,NA,0
4081,4,3.25,3,NA,0
4081,4,2.25,3,NA,0
4081,4,3.5,3,NA,0
4081,4,4,3,NA,0
4081,4,2.75,3,NA,0
4082,4,3.5,2.3333333333333335,NA,1
4082,4,3.25,2.3333333333333335,NA,1
4082,4,4,2.3333333333333335,NA,1
4083,4,2,2.3333333333333335,3,0
4083,4,1.25,2.3333333333333335,NA,0
4083,4,2.25,2.3333333333333335,NA,0
4083,4,2,2.3333333333333335,NA,0
4083,4,4,2.3333333333333335,NA,0
4083,4,4,2.3333333333333335,NA,0
4083,4,4,2.3333333333333335,NA,0
4083,4,3.25,2.3333333333333335,NA,0
4083,4,3,2.3333333333333335,NA,0
4083,4,4,2.3333333333333335,NA,0
4083,4,4,2.3333333333333335,NA,0
4083,4,4,2.3333333333333335,NA,0
4083,4,3,2.3333333333333335,NA,0
4084,4,3.25,3.6666666666666665,4,0
4084,4,3,3.6666666666666665,NA,0
4084,4,3,3.6666666666666665,NA,0
4084,4,3.5,3.6666666666666665,NA,0
4084,4,2.75,3.6666666666666665,NA,0
4084,4,2.75,3.6666666666666665,NA,0
4084,4,2.5,3.6666666666666665,NA,0
4084,4,3.75,3.6666666666666665,NA,0
4084,4,3.25,3.6666666666666665,NA,0
4084,4,2,3.6666666666666665,NA,0
4084,4,2.75,3.6666666666666665,NA,0
4999,4,3,NA,3,0
4999,4,3,NA,NA,0
4999,4,3,NA,NA,0
4999,4,3,NA,NA,0
4999,4,3,NA,NA,0
4999,4,3,NA,NA,0
4086,4,2.5,4,3.3333333333333335,1
4086,4,2.5,4,NA,1
4086,4,3,4,NA,1
4086,4,3,4,NA,1
4086,4,2.75,4,NA,1
4086,4,2.5,4,NA,1
4086,4,2.75,4,NA,1
4086,4,2.75,4,NA,1
4086,4,2.25,4,NA,1
4086,4,2.75,4,NA,1
4086,4,2.25,4,NA,1
4086,4,2.25,4,NA,1
4086,4,3.25,4,NA,1
4086,4,3,4,NA,1
4086,4,2.5,4,NA,1
4086,4,2.75,4,NA,1
4086,4,2.25,4,NA,1
4086,4,2.5,4,NA,1
4087,4,3.75,NA,4,0
4087,4,2.25,NA,NA,0
4087,4,2.75,NA,NA,0
4087,4,3,NA,NA,0
4087,4,3,NA,NA,0
4087,4,3.5,NA,NA,0
4087,4,3.5,NA,NA,0
4087,4,3.5,NA,NA,0
4087,4,3.5,NA,NA,0
4087,4,3.5,NA,NA,0
4088,4,4,2.6666666666666665,3.6666666666666665,1
4088,4,1.5,2.6666666666666665,NA,1
4088,4,3.75,2.6666666666666665,NA,1
4088,4,4,2.6666666666666665,NA,1
4088,4,4,2.6666666666666665,NA,1
4088,4,3.75,2.6666666666666665,NA,1
4089,4,2.75,NA,1,1
4089,4,3.5,NA,NA,1
4089,4,2.25,NA,NA,1
4089,4,3.5,NA,NA,1
4089,4,2.5,NA,NA,1
4089,4,3.25,NA,NA,1
4089,4,1.75,NA,NA,1
4089,4,1.75,NA,NA,1
4090,4,4,NA,4,1
4090,4,3,NA,NA,1
4090,4,3.25,NA,NA,1
4090,4,3.25,NA,NA,1
4090,4,2.75,NA,NA,1
4090,4,2.75,NA,NA,1
4090,4,3,NA,NA,1
4090,4,3,NA,NA,1
4090,4,4,NA,NA,1
4090,4,3,NA,NA,1
4091,4,4,4,1,0
4091,4,4,4,NA,0
4091,4,4,4,NA,0
4091,4,4,4,NA,0
4091,4,4,4,NA,0
4091,4,4,4,NA,0
4091,4,4,4,NA,0
4091,4,4,4,NA,0
4091,4,3.5,4,NA,0
4091,4,4,4,NA,0
4091,4,3.75,4,NA,0
4091,4,3.25,4,NA,0
4091,4,3.25,4,NA,0
4091,4,4,4,NA,0
4091,4,1.75,4,NA,0
4091,4,4,4,NA,0
4091,4,4,4,NA,0
4091,4,2,4,NA,0
4091,4,1,4,NA,0
4091,4,4,4,NA,0
4091,4,4,4,NA,0
4091,4,3.25,4,NA,0
4091,4,2.5,4,NA,0
4092,4,2.75,3,2.3333333333333335,NA
4092,4,3,3,NA,NA
4092,4,2,3,NA,NA
4092,4,2.5,3,NA,NA
4092,4,2,3,NA,NA
4092,4,2.25,3,NA,NA
4092,4,1.75,3,NA,NA
4092,4,3,3,NA,NA
4092,4,3,3,NA,NA
4092,4,2.25,3,NA,NA
4092,4,2.5,3,NA,NA
4092,4,3,3,NA,NA
4092,4,2,3,NA,NA
4092,4,2.25,3,NA,NA
4092,4,3,3,NA,NA
4092,4,3,3,NA,NA
4095,4,1.75,1,NA,0
4095,4,3.25,1,NA,0
4095,4,1.75,1,NA,0
4095,4,1,1,NA,0
4095,4,2.5,1,NA,0
4095,4,2,1,NA,0
4095,4,2,1,NA,0
4095,4,2,1,NA,0
4095,4,1,1,NA,0
4095,4,1,1,NA,0
4096,4,3.5,2,2,0
4096,4,3,2,NA,0
4096,4,2,2,NA,0
4096,4,2,2,NA,0
4096,4,3,2,NA,0
4096,4,2.25,2,NA,0
4096,4,3,2,NA,0
4096,4,2.75,2,NA,0
4096,4,2,2,NA,0
4096,4,3,2,NA,0
4096,4,2,2,NA,0
4096,4,2,2,NA,0
4096,4,2,2,NA,0
4096,4,2,2,NA,0
4096,4,2,2,NA,0
4096,4,2,2,NA,0
5098,5,2.5,3.6666666666666665,3.6666666666666665,0
5098,5,1,3.6666666666666665,NA,0
5098,5,1.5,3.6666666666666665,NA,0
5098,5,1,3.6666666666666665,NA,0
5098,5,1,3.6666666666666665,NA,0
5098,5,1.75,3.6666666666666665,NA,0
5098,5,1,3.6666666666666665,NA,0
5098,5,2,3.6666666666666665,NA,0
5098,5,4,3.6666666666666665,NA,0
5098,5,1,3.6666666666666665,NA,0
5098,5,4,3.6666666666666665,NA,0
5098,5,2.75,3.6666666666666665,NA,0
5098,5,1.5,3.6666666666666665,NA,0
5098,5,2.75,3.6666666666666665,NA,0
5098,5,2.5,3.6666666666666665,NA,0
5098,5,2.25,3.6666666666666665,NA,0
5098,5,1.75,3.6666666666666665,NA,0
5098,5,2.5,3.6666666666666665,NA,0
5098,5,2,3.6666666666666665,NA,0
5098,5,2.5,3.6666666666666665,NA,0
5101,5,2.75,4,3.3333333333333335,1
5101,5,4,4,NA,1
5101,5,4,4,NA,1
5101,5,4,4,NA,1
5101,5,4,4,NA,1
5101,5,2.5,4,NA,1
5101,5,4,4,NA,1
5101,5,3.75,4,NA,1
5101,5,4,4,NA,1
5101,5,4,4,NA,1
5101,5,3.25,4,NA,1
5101,5,3.75,4,NA,1
5101,5,4,4,NA,1
5101,5,4,4,NA,1
5101,5,2.5,4,NA,1
5101,5,3.25,4,NA,1
5101,5,4,4,NA,1
5101,5,4,4,NA,1
5101,5,3.25,4,NA,1
5102,5,2.25,3.6666666666666665,NA,0
5102,5,1.75,3.6666666666666665,NA,0
5102,5,1,3.6666666666666665,NA,0
5102,5,1,3.6666666666666665,NA,0
5102,5,1,3.6666666666666665,NA,0
5102,5,1,3.6666666666666665,NA,0
5102,5,1,3.6666666666666665,NA,0
5102,5,1,3.6666666666666665,NA,0
5104,5,1.5,4,4,0
5104,5,2.5,4,NA,0
5104,5,2.25,4,NA,0
5104,5,3.5,4,NA,0
5104,5,1.75,4,NA,0
5104,5,2.25,4,NA,0
5104,5,1.75,4,NA,0
5104,5,2.25,4,NA,0
5104,5,2.25,4,NA,0
5104,5,2.25,4,NA,0
5104,5,4,4,NA,0
5104,5,3,4,NA,0
5104,5,3.75,4,NA,0
5104,5,3,4,NA,0
5024,5,2.5,NA,4,0
5024,5,2.5,NA,NA,0
5024,5,3,NA,NA,0
5024,5,2.75,NA,NA,0
5024,5,3.25,NA,NA,0
5024,5,2.5,NA,NA,0
5106,5,3.25,4,4,1
5106,5,3,4,NA,1
5106,5,3.25,4,NA,1
5106,5,1.5,4,NA,1
5106,5,3.75,4,NA,1
5106,5,3.5,4,NA,1
5106,5,2.25,4,NA,1
5106,5,3,4,NA,1
5106,5,3.75,4,NA,1
5106,5,4,4,NA,1
5106,5,1,4,NA,1
5106,5,4,4,NA,1
5106,5,1,4,NA,1
5106,5,4,4,NA,1
5107,5,3.25,2,4,0
5107,5,3,2,NA,0
5107,5,4,2,NA,0
5107,5,4,2,NA,0
5107,5,4,2,NA,0
5107,5,3,2,NA,0
5107,5,3.75,2,NA,0
5107,5,3.75,2,NA,0
5107,5,3,2,NA,0
5107,5,4,2,NA,0
5107,5,3,2,NA,0
5107,5,3,2,NA,0
5107,5,3,2,NA,0
5107,5,3,2,NA,0
5107,5,3,2,NA,0
5107,5,3,2,NA,0
5107,5,3,2,NA,0
5107,5,3,2,NA,0
5107,5,3,2,NA,0
5107,5,2.5,2,NA,0
5107,5,3,2,NA,0
5108,5,2.5,4,4,0
5108,5,2,4,NA,0
5108,5,3,4,NA,0
5108,5,3,4,NA,0
5108,5,2.25,4,NA,0
5108,5,4,4,NA,0
5108,5,2.25,4,NA,0
5108,5,1,4,NA,0
5109,5,3,4,NA,1
5109,5,3.5,4,NA,1
5109,5,3.75,4,NA,1
5109,5,4,4,NA,1
5109,5,3.5,4,NA,1
5109,5,2.5,4,NA,1
5109,5,1.5,4,NA,1
5109,5,2.25,4,NA,1
5109,5,3.25,4,NA,1
5109,5,2.25,4,NA,1
5109,5,2,4,NA,1
5110,5,3.75,4,NA,0
5110,5,3.75,4,NA,0
5110,5,3.75,4,NA,0
5110,5,3.75,4,NA,0
5110,5,3.75,4,NA,0
5110,5,3.75,4,NA,0
5110,5,3.5,4,NA,0
5110,5,3.75,4,NA,0
5110,5,3.75,4,NA,0
5110,5,3.75,4,NA,0
5110,5,3.25,4,NA,0
5110,5,3.25,4,NA,0
5110,5,3,4,NA,0
5110,5,3.75,4,NA,0
5110,5,3.75,4,NA,0
5110,5,3.75,4,NA,0
5110,5,3.5,4,NA,0
5110,5,3.75,4,NA,0
5111,5,2.5,3.6666666666666665,4,0
5111,5,3,3.6666666666666665,NA,0
5111,5,4,3.6666666666666665,NA,0
5111,5,4,3.6666666666666665,NA,0
5111,5,2,3.6666666666666665,NA,0
5111,5,2.5,3.6666666666666665,NA,0
5111,5,1,3.6666666666666665,NA,0
5111,5,4,3.6666666666666665,NA,0
5111,5,3.5,3.6666666666666665,NA,0
5111,5,3.5,3.6666666666666665,NA,0
5111,5,3,3.6666666666666665,NA,0
5111,5,1,3.6666666666666665,NA,0
5111,5,4,3.6666666666666665,NA,0
5111,5,4,3.6666666666666665,NA,0
5111,5,4,3.6666666666666665,NA,0
5111,5,1.75,3.6666666666666665,NA,0
5111,5,1.5,3.6666666666666665,NA,0
5111,5,2.75,3.6666666666666665,NA,0
5111,5,1,3.6666666666666665,NA,0
5111,5,2.25,3.6666666666666665,NA,0
5112,5,4,4,4,0
5112,5,4,4,NA,0
5112,5,2.5,4,NA,0
5112,5,4,4,NA,0
5112,5,4,4,NA,0
5112,5,4,4,NA,0
5112,5,4,4,NA,0
5112,5,4,4,NA,0
5112,5,1.25,4,NA,0
5112,5,4,4,NA,0
5112,5,4,4,NA,0
5112,5,4,4,NA,0
5112,5,3.75,4,NA,0
5112,5,4,4,NA,0
5112,5,4,4,NA,0
5112,5,1,4,NA,0
5112,5,4,4,NA,0
5113,5,4,4,4,0
5113,5,4,4,NA,0
5113,5,4,4,NA,0
5113,5,4,4,NA,0
5113,5,4,4,NA,0
5113,5,4,4,NA,0
5113,5,3.25,4,NA,0
5113,5,2.5,4,NA,0
5113,5,4,4,NA,0
5113,5,4,4,NA,0
5113,5,4,4,NA,0
5113,5,4,4,NA,0
5113,5,4,4,NA,0
5113,5,4,4,NA,0
5113,5,4,4,NA,0
5113,5,4,4,NA,0
5115,5,2.5,3.6666666666666665,3.3333333333333335,1
5115,5,3.5,3.6666666666666665,NA,1
5115,5,3.75,3.6666666666666665,NA,1
5115,5,2,3.6666666666666665,NA,1
5115,5,2.5,3.6666666666666665,NA,1
5115,5,3.5,3.6666666666666665,NA,1
5115,5,2,3.6666666666666665,NA,1
5115,5,2.5,3.6666666666666665,NA,1
5115,5,4,3.6666666666666665,NA,1
5115,5,2.75,3.6666666666666665,NA,1
5115,5,2.75,3.6666666666666665,NA,1
5115,5,2,3.6666666666666665,NA,1
5115,5,2.25,3.6666666666666665,NA,1
5115,5,3,3.6666666666666665,NA,1
5115,5,2.5,3.6666666666666665,NA,1
5115,5,3.5,3.6666666666666665,NA,1
5115,5,2,3.6666666666666665,NA,1
5115,5,3,3.6666666666666665,NA,1
5115,5,2.5,3.6666666666666665,NA,1
5115,5,2.25,3.6666666666666665,NA,1
5115,5,2.75,3.6666666666666665,NA,1
5116,5,4,4,4,0
5116,5,4,4,NA,0
5116,5,4,4,NA,0
5116,5,4,4,NA,0
5116,5,4,4,NA,0
5116,5,4,4,NA,0
5116,5,4,4,NA,0
5116,5,4,4,NA,0
5116,5,4,4,NA,0
5116,5,4,4,NA,0
5116,5,4,4,NA,0
5118,5,1.5,4,NA,1
5118,5,1.75,4,NA,1
5118,5,1.75,4,NA,1
5118,5,1.75,4,NA,1
5118,5,2.5,4,NA,1
5118,5,1,4,NA,1
5118,5,1,4,NA,1
5118,5,1,4,NA,1
5118,5,2.5,4,NA,1
5118,5,1,4,NA,1
5118,5,2.5,4,NA,1
5118,5,2.5,4,NA,1
5118,5,2.5,4,NA,1
5119,5,2,3.3333333333333335,NA,0
5119,5,1,3.3333333333333335,NA,0
5119,5,1,3.3333333333333335,NA,0
5119,5,1,3.3333333333333335,NA,0
5119,5,1,3.3333333333333335,NA,0
5119,5,1,3.3333333333333335,NA,0
5119,5,1,3.3333333333333335,NA,0
5119,5,2.5,3.3333333333333335,NA,0
5119,5,2.25,3.3333333333333335,NA,0
5119,5,1.25,3.3333333333333335,NA,0
5119,5,1,3.3333333333333335,NA,0
5120,5,3,4,4,0
5120,5,1.75,4,NA,0
5120,5,2,4,NA,0
5120,5,2.5,4,NA,0
5120,5,1,4,NA,0
5120,5,3.25,4,NA,0
5120,5,2.25,4,NA,0
5120,5,1.75,4,NA,0
5120,5,1.25,4,NA,0
5120,5,2.25,4,NA,0
5120,5,2,4,NA,0
5120,5,2.75,4,NA,0
5120,5,1.75,4,NA,0
5120,5,1.25,4,NA,0
5121,5,3.25,3.6666666666666665,3.6666666666666665,1
5121,5,2.75,3.6666666666666665,NA,1
5121,5,2.5,3.6666666666666665,NA,1
5121,5,3,3.6666666666666665,NA,1
5121,5,1,3.6666666666666665,NA,1
5121,5,1.75,3.6666666666666665,NA,1
5121,5,2.5,3.6666666666666665,NA,1
5121,5,2.75,3.6666666666666665,NA,1
5121,5,3.5,3.6666666666666665,NA,1
5121,5,1,3.6666666666666665,NA,1
5121,5,2,3.6666666666666665,NA,1
5121,5,2.25,3.6666666666666665,NA,1
5121,5,2.75,3.6666666666666665,NA,1
5121,5,2.5,3.6666666666666665,NA,1
5121,5,2.5,3.6666666666666665,NA,1
5121,5,2.5,3.6666666666666665,NA,1
5121,5,2.75,3.6666666666666665,NA,1
5121,5,2.5,3.6666666666666665,NA,1
5121,5,2.5,3.6666666666666665,NA,1
5122,5,2.5,4,2.3333333333333335,1
5122,5,2.5,4,NA,1
5122,5,2.25,4,NA,1
5122,5,2.75,4,NA,1
5122,5,1.5,4,NA,1
5122,5,2.5,4,NA,1
5122,5,2.75,4,NA,1
5122,5,2.5,4,NA,1
5122,5,2.5,4,NA,1
5122,5,3,4,NA,1
5122,5,2.5,4,NA,1
5122,5,2.75,4,NA,1
5122,5,3,4,NA,1
5122,5,2.75,4,NA,1
5122,5,3,4,NA,1
5122,5,2.75,4,NA,1
5122,5,3,4,NA,1
5123,5,3,3.6666666666666665,3.6666666666666665,0
5123,5,2.75,3.6666666666666665,NA,0
5123,5,3,3.6666666666666665,NA,0
5123,5,2.5,3.6666666666666665,NA,0
5123,5,2.75,3.6666666666666665,NA,0
5123,5,3.75,3.6666666666666665,NA,0
5123,5,3.25,3.6666666666666665,NA,0
5123,5,2.5,3.6666666666666665,NA,0
5124,5,1.5,3.6666666666666665,NA,0
5124,5,4,3.6666666666666665,NA,0
5124,5,2,3.6666666666666665,NA,0
5124,5,1.75,3.6666666666666665,NA,0
5124,5,1.75,3.6666666666666665,NA,0
5124,5,1.25,3.6666666666666665,NA,0
5124,5,1,3.6666666666666665,NA,0
5125,5,2.5,3.6666666666666665,3.6666666666666665,1
5125,5,2.5,3.6666666666666665,NA,1
5125,5,2,3.6666666666666665,NA,1
5125,5,2.25,3.6666666666666665,NA,1
5126,5,3.25,4,NA,1
5126,5,2.75,4,NA,1
5126,5,2.5,4,NA,1
5126,5,3,4,NA,1
5126,5,3.25,4,NA,1
5126,5,2.75,4,NA,1
5126,5,3.5,4,NA,1
5126,5,2.75,4,NA,1
5126,5,2.75,4,NA,1
5126,5,2.75,4,NA,1
5126,5,2.25,4,NA,1
5126,5,2.5,4,NA,1
5126,5,2.75,4,NA,1
5126,5,2.25,4,NA,1
5126,5,2.5,4,NA,1
5128,5,4,4,4,1
5128,5,4,4,NA,1
5128,5,1,4,NA,1
5128,5,1,4,NA,1
5129,5,3,4,3,1
5129,5,3,4,NA,1
5129,5,2.75,4,NA,1
5129,5,3,4,NA,1
5129,5,1,4,NA,1
5129,5,1,4,NA,1
5129,5,2.25,4,NA,1
5129,5,1.25,4,NA,1
5129,5,3,4,NA,1
5129,5,2.25,4,NA,1
5129,5,2.5,4,NA,1
5129,5,2.5,4,NA,1
5129,5,2.25,4,NA,1
5129,5,2.5,4,NA,1
6199,6,4,NA,NA,1
6199,6,4,NA,NA,1
6199,6,3.5,NA,NA,1
6199,6,1,NA,NA,1
6199,6,4,NA,NA,1
6199,6,3.25,NA,NA,1
6131,6,3,3,4,0
6131,6,3.25,3,NA,0
6131,6,3.25,3,NA,0
6131,6,3,3,NA,0
6131,6,3,3,NA,0
6131,6,3,3,NA,0
6131,6,3,3,NA,0
6131,6,3.25,3,NA,0
6131,6,3,3,NA,0
6131,6,3,3,NA,0
6131,6,3,3,NA,0
6131,6,3,3,NA,0
6133,6,3,2,2,1
6133,6,3,2,NA,1
6133,6,3.5,2,NA,1
6133,6,3,2,NA,1
6133,6,2.75,2,NA,1
6133,6,3,2,NA,1
6133,6,3,2,NA,1
6133,6,3,2,NA,1
6133,6,3,2,NA,1
6133,6,3.75,2,NA,1
6133,6,2,2,NA,1
6133,6,2.75,2,NA,1
6133,6,3.25,2,NA,1
6133,6,3,2,NA,1
6133,6,2.25,2,NA,1
6133,6,3.25,2,NA,1
6133,6,2.5,2,NA,1
6133,6,2,2,NA,1
6133,6,2.25,2,NA,1
6133,6,2,2,NA,1
6133,6,2,2,NA,1
6134,6,4,4,4,0
6134,6,4,4,NA,0
6134,6,4,4,NA,0
6134,6,4,4,NA,0
6134,6,1.75,4,NA,0
6134,6,3.75,4,NA,0
6134,6,2.5,4,NA,0
6134,6,3.75,4,NA,0
6134,6,4,4,NA,0
6134,6,4,4,NA,0
6134,6,4,4,NA,0
6135,6,1.25,3.3333333333333335,4,1
6135,6,1.5,3.3333333333333335,NA,1
6135,6,2.5,3.3333333333333335,NA,1
6135,6,2,3.3333333333333335,NA,1
6135,6,1,3.3333333333333335,NA,1
6135,6,2.5,3.3333333333333335,NA,1
6135,6,1.75,3.3333333333333335,NA,1
6135,6,1.25,3.3333333333333335,NA,1
6135,6,2,3.3333333333333335,NA,1
6135,6,1.5,3.3333333333333335,NA,1
6135,6,1,3.3333333333333335,NA,1
6135,6,1,3.3333333333333335,NA,1
6135,6,2.5,3.3333333333333335,NA,1
6135,6,2,3.3333333333333335,NA,1
6135,6,3,3.3333333333333335,NA,1
6135,6,3,3.3333333333333335,NA,1
6136,6,3.75,4,NA,1
6136,6,3.25,4,NA,1
6136,6,2.75,4,NA,1
6136,6,3,4,NA,1
6136,6,2.75,4,NA,1
6136,6,3.25,4,NA,1
6136,6,3,4,NA,1
6136,6,2.75,4,NA,1
6136,6,3,4,NA,1
6136,6,2.75,4,NA,1
6137,6,4,3.3333333333333335,3.6666666666666665,0
6137,6,4,3.3333333333333335,NA,0
6137,6,3.75,3.3333333333333335,NA,0
6137,6,2.5,3.3333333333333335,NA,0
6137,6,3.25,3.3333333333333335,NA,0
6137,6,3.5,3.3333333333333335,NA,0
6137,6,4,3.3333333333333335,NA,0
6137,6,3,3.3333333333333335,NA,0
6137,6,3,3.3333333333333335,NA,0
6137,6,3,3.3333333333333335,NA,0
6137,6,2.25,3.3333333333333335,NA,0
6137,6,2.75,3.3333333333333335,NA,0
6137,6,3.25,3.3333333333333335,NA,0
6137,6,2.75,3.3333333333333335,NA,0
6137,6,1.25,3.3333333333333335,NA,0
6138,6,2.5,2.3333333333333335,NA,0
6138,6,3.25,2.3333333333333335,NA,0
6138,6,2.25,2.3333333333333335,NA,0
6138,6,2.75,2.3333333333333335,NA,0
6139,6,2.25,NA,NA,0
6139,6,2.75,NA,NA,0
6139,6,2.25,NA,NA,0
6140,6,3.25,3.6666666666666665,4,0
6140,6,3,3.6666666666666665,NA,0
6140,6,4,3.6666666666666665,NA,0
6140,6,3.75,3.6666666666666665,NA,0
6140,6,4,3.6666666666666665,NA,0
6140,6,3.25,3.6666666666666665,NA,0
6140,6,4,3.6666666666666665,NA,0
6140,6,3.75,3.6666666666666665,NA,0
6140,6,4,3.6666666666666665,NA,0
6140,6,4,3.6666666666666665,NA,0
6140,6,3.75,3.6666666666666665,NA,0
6140,6,3.25,3.6666666666666665,NA,0
6140,6,3.25,3.6666666666666665,NA,0
6140,6,3,3.6666666666666665,NA,0
6140,6,3.25,3.6666666666666665,NA,0
6140,6,2.25,3.6666666666666665,NA,0
6140,6,4,3.6666666666666665,NA,0
6140,6,4,3.6666666666666665,NA,0
6141,6,2.25,2.6666666666666665,1,1
6141,6,4,2.6666666666666665,NA,1
6141,6,2.5,2.6666666666666665,NA,1
6141,6,3.5,2.6666666666666665,NA,1
6141,6,1,2.6666666666666665,NA,1
6141,6,2.75,2.6666666666666665,NA,1
6141,6,2,2.6666666666666665,NA,1
6141,6,2.5,2.6666666666666665,NA,1
6141,6,2,2.6666666666666665,NA,1
6141,6,1.75,2.6666666666666665,NA,1
6141,6,1.75,2.6666666666666665,NA,1
6141,6,3,2.6666666666666665,NA,1
6141,6,3.25,2.6666666666666665,NA,1
6141,6,2.25,2.6666666666666665,NA,1
6142,6,3.5,3.5,NA,0
6142,6,3,3.5,NA,0
6142,6,3.25,3.5,NA,0
6143,6,3,1.6666666666666667,2.6666666666666665,1
6143,6,1.25,1.6666666666666667,NA,1
6143,6,3,1.6666666666666667,NA,1
6143,6,3,1.6666666666666667,NA,1
6143,6,3,1.6666666666666667,NA,1
6143,6,3.75,1.6666666666666667,NA,1
6143,6,3,1.6666666666666667,NA,1
6143,6,3,1.6666666666666667,NA,1
6143,6,3.25,1.6666666666666667,NA,1
6143,6,3.75,1.6666666666666667,NA,1
6143,6,3,1.6666666666666667,NA,1
6143,6,2.75,1.6666666666666667,NA,1
6143,6,3.75,1.6666666666666667,NA,1
6143,6,3.25,1.6666666666666667,NA,1
6144,6,3,4,4,1
6144,6,4,4,NA,1
6144,6,3.25,4,NA,1
6144,6,4,4,NA,1
6144,6,4,4,NA,1
6144,6,4,4,NA,1
6144,6,4,4,NA,1
6144,6,4,4,NA,1
6144,6,4,4,NA,1
6144,6,4,4,NA,1
6144,6,4,4,NA,1
6145,6,2.25,NA,4,1
6145,6,3,NA,NA,1
6145,6,3,NA,NA,1
6145,6,2.5,NA,NA,1
6145,6,3,NA,NA,1
6145,6,2.75,NA,NA,1
6145,6,2,NA,NA,1
6145,6,3,NA,NA,1
6145,6,1.25,NA,NA,1
6145,6,3.75,NA,NA,1
6145,6,3,NA,NA,1
6145,6,3.25,NA,NA,1
6145,6,3.25,NA,NA,1
6145,6,2.75,NA,NA,1
6146,6,4,3.6666666666666665,NA,1
6146,6,3.75,3.6666666666666665,NA,1
6146,6,3.75,3.6666666666666665,NA,1
6146,6,3.25,3.6666666666666665,NA,1
6146,6,4,3.6666666666666665,NA,1
6146,6,2.25,3.6666666666666665,NA,1
6146,6,2.75,3.6666666666666665,NA,1
6146,6,2.5,3.6666666666666665,NA,1
6146,6,2.75,3.6666666666666665,NA,1
6146,6,3.25,3.6666666666666665,NA,1
6146,6,2.25,3.6666666666666665,NA,1
6147,6,4,3.6666666666666665,4,1
6147,6,3.5,3.6666666666666665,NA,1
6147,6,3.25,3.6666666666666665,NA,1
6147,6,1.75,3.6666666666666665,NA,1
6147,6,4,3.6666666666666665,NA,1
6147,6,2.5,3.6666666666666665,NA,1
6147,6,2,3.6666666666666665,NA,1
6147,6,4,3.6666666666666665,NA,1
6147,6,3.5,3.6666666666666665,NA,1
6147,6,3.75,3.6666666666666665,NA,1
6147,6,2.75,3.6666666666666665,NA,1
6147,6,3.25,3.6666666666666665,NA,1
6147,6,3.5,3.6666666666666665,NA,1
6147,6,3.25,3.6666666666666665,NA,1
6147,6,3.5,3.6666666666666665,NA,1
6147,6,3,3.6666666666666665,NA,1
6147,6,4,3.6666666666666665,NA,1
6147,6,2.75,3.6666666666666665,NA,1
6147,6,2.75,3.6666666666666665,NA,1
6147,6,2.75,3.6666666666666665,NA,1
6147,6,3.25,3.6666666666666665,NA,1
6147,6,2.5,3.6666666666666665,NA,1
6148,6,1.25,4,3.3333333333333335,1
6148,6,1.25,4,NA,1
6148,6,3.5,4,NA,1
6148,6,1.75,4,NA,1
6148,6,1,4,NA,1
6148,6,2.5,4,NA,1
6148,6,1.25,4,NA,1
6148,6,1.5,4,NA,1
6148,6,1,4,NA,1
6148,6,1,4,NA,1
6148,6,1.25,4,NA,1
6148,6,1.75,4,NA,1
6148,6,1,4,NA,1
6148,6,3.25,4,NA,1
6149,6,3.5,4,4,1
6149,6,3,4,NA,1
6149,6,2.75,4,NA,1
6149,6,3.5,4,NA,1
6149,6,2.25,4,NA,1
6149,6,2,4,NA,1
6149,6,2.75,4,NA,1
6149,6,2.5,4,NA,1
6149,6,2.5,4,NA,1
6149,6,3,4,NA,1
6150,6,3.25,2,2.3333333333333335,1
6150,6,2.5,2,NA,1
6150,6,4,2,NA,1
6150,6,3.5,2,NA,1
6150,6,2,2,NA,1
6150,6,2.5,2,NA,1
6150,6,2.25,2,NA,1
6150,6,2.5,2,NA,1
6150,6,2.75,2,NA,1
6150,6,2.75,2,NA,1
6150,6,1.75,2,NA,1
6150,6,2.25,2,NA,1
6151,6,3,3.6666666666666665,3.3333333333333335,1
6151,6,3.25,3.6666666666666665,NA,1
6151,6,2.75,3.6666666666666665,NA,1
6151,6,3.5,3.6666666666666665,NA,1
6151,6,4,3.6666666666666665,NA,1
6151,6,3.25,3.6666666666666665,NA,1
6151,6,3.5,3.6666666666666665,NA,1
6151,6,3.5,3.6666666666666665,NA,1
6151,6,2.75,3.6666666666666665,NA,1
6151,6,3.25,3.6666666666666665,NA,1
6151,6,3.25,3.6666666666666665,NA,1
6151,6,3.5,3.6666666666666665,NA,1
6151,6,2.75,3.6666666666666665,NA,1
6151,6,2.75,3.6666666666666665,NA,1
6151,6,2.75,3.6666666666666665,NA,1
6151,6,2.75,3.6666666666666665,NA,1
6153,6,3.25,NA,2.6666666666666665,1
6153,6,3.75,NA,NA,1
6153,6,4,NA,NA,1
6153,6,3,NA,NA,1
6153,6,3.75,NA,NA,1
6153,6,4,NA,NA,1
6153,6,4,NA,NA,1
6153,6,4,NA,NA,1
6153,6,3.25,NA,NA,1
6153,6,3.75,NA,NA,1
6153,6,2.75,NA,NA,1
6153,6,3.5,NA,NA,1
6153,6,3.5,NA,NA,1
6153,6,3.25,NA,NA,1
6153,6,3,NA,NA,1
6155,6,1,3,4,1
6155,6,4,3,NA,1
6155,6,4,3,NA,1
6155,6,3.25,3,NA,1
6155,6,4,3,NA,1
6155,6,3,3,NA,1
6155,6,4,3,NA,1
6155,6,3.25,3,NA,1
6155,6,2,3,NA,1
6155,6,4,3,NA,1
6155,6,4,3,NA,1
6155,6,2.5,3,NA,1
6155,6,3.25,3,NA,1
6155,6,4,3,NA,1
6155,6,3.25,3,NA,1
6155,6,4,3,NA,1
6155,6,3.25,3,NA,1
6155,6,4,3,NA,1
6155,6,4,3,NA,1
6156,6,3.5,2.6666666666666665,NA,1
6156,6,2.5,2.6666666666666665,NA,1
6156,6,4,2.6666666666666665,NA,1
6156,6,3.5,2.6666666666666665,NA,1
6156,6,2.5,2.6666666666666665,NA,1
6156,6,4,2.6666666666666665,NA,1
6156,6,3.5,2.6666666666666665,NA,1
6156,6,4,2.6666666666666665,NA,1
6156,6,1,2.6666666666666665,NA,1
6156,6,4,2.6666666666666665,NA,1
6156,6,3.25,2.6666666666666665,NA,1
6156,6,2.5,2.6666666666666665,NA,1
6130,6,2.25,NA,3.3333333333333335,NA
6130,6,3.5,NA,NA,NA
6130,6,4,NA,NA,NA
6130,6,3.75,NA,NA,NA
6130,6,3.25,NA,NA,NA
6130,6,4,NA,NA,NA
6130,6,3.25,NA,NA,NA
6130,6,3.25,NA,NA,NA
6130,6,2.5,NA,NA,NA
6130,6,2.75,NA,NA,NA
6130,6,4,NA,NA,NA
6130,6,3.75,NA,NA,NA
6158,6,4,3.6666666666666665,4,1
6158,6,4,3.6666666666666665,NA,1
6158,6,1,3.6666666666666665,NA,1
6158,6,3.25,3.6666666666666665,NA,1
6158,6,1,3.6666666666666665,NA,1
6158,6,4,3.6666666666666665,NA,1
6158,6,4,3.6666666666666665,NA,1
6158,6,4,3.6666666666666665,NA,1
6158,6,4,3.6666666666666665,NA,1
6158,6,3,3.6666666666666665,NA,1
6158,6,1,3.6666666666666665,NA,1
6158,6,3,3.6666666666666665,NA,1
6158,6,3.25,3.6666666666666665,NA,1
6158,6,3,3.6666666666666665,NA,1
6158,6,3,3.6666666666666665,NA,1
6158,6,3.75,3.6666666666666665,NA,1
6158,6,3.75,3.6666666666666665,NA,1
6159,6,3.75,3.6666666666666665,4,1
6159,6,3,3.6666666666666665,NA,1
6159,6,3.5,3.6666666666666665,NA,1
6159,6,2.75,3.6666666666666665,NA,1
6159,6,4,3.6666666666666665,NA,1
6159,6,1.25,3.6666666666666665,NA,1
6159,6,3,3.6666666666666665,NA,1
6159,6,2.25,3.6666666666666665,NA,1
6159,6,1.5,3.6666666666666665,NA,1
6159,6,2.75,3.6666666666666665,NA,1
6159,6,2,3.6666666666666665,NA,1
6159,6,1,3.6666666666666665,NA,1
6159,6,1.5,3.6666666666666665,NA,1
6159,6,3.25,3.6666666666666665,NA,1
6159,6,1.5,3.6666666666666665,NA,1
6159,6,3.5,3.6666666666666665,NA,1
6159,6,2.25,3.6666666666666665,NA,1
6159,6,2,3.6666666666666665,NA,1
7160,7,1.25,2.6666666666666665,2,1
7160,7,2.25,2.6666666666666665,NA,1
7160,7,2.25,2.6666666666666665,NA,1
7160,7,2.25,2.6666666666666665,NA,1
7160,7,2,2.6666666666666665,NA,1
7160,7,2.25,2.6666666666666665,NA,1
7160,7,2.25,2.6666666666666665,NA,1
7160,7,1.75,2.6666666666666665,NA,1
7160,7,1.5,2.6666666666666665,NA,1
7160,7,2,2.6666666666666665,NA,1
7160,7,2,2.6666666666666665,NA,1
7160,7,2.75,2.6666666666666665,NA,1
7160,7,3,2.6666666666666665,NA,1
7160,7,3.25,2.6666666666666665,NA,1
7160,7,4,2.6666666666666665,NA,1
7160,7,2.25,2.6666666666666665,NA,1
7160,7,4,2.6666666666666665,NA,1
7160,7,2.75,2.6666666666666665,NA,1
7160,7,3,2.6666666666666665,NA,1
7160,7,4,2.6666666666666665,NA,1
7160,7,2.5,2.6666666666666665,NA,1
7160,7,2,2.6666666666666665,NA,1
7160,7,2.75,2.6666666666666665,NA,1
7161,7,3,2.6666666666666665,4,0
7161,7,2.25,2.6666666666666665,NA,0
7161,7,3.5,2.6666666666666665,NA,0
7161,7,1,2.6666666666666665,NA,0
7161,7,3,2.6666666666666665,NA,0
7161,7,3,2.6666666666666665,NA,0
7161,7,3,2.6666666666666665,NA,0
7161,7,2.75,2.6666666666666665,NA,0
7161,7,4,2.6666666666666665,NA,0
7161,7,2.5,2.6666666666666665,NA,0
7161,7,3.25,2.6666666666666665,NA,0
7161,7,3.25,2.6666666666666665,NA,0
7161,7,2.5,2.6666666666666665,NA,0
7161,7,3,2.6666666666666665,NA,0
7161,7,2.5,2.6666666666666665,NA,0
7161,7,3.25,2.6666666666666665,NA,0
7161,7,3.5,2.6666666666666665,NA,0
7162,7,2.25,NA,3,0
7162,7,1.75,NA,NA,0
7162,7,2.5,NA,NA,0
7162,7,3.5,NA,NA,0
7162,7,3,NA,NA,0
7162,7,2.75,NA,NA,0
7162,7,2,NA,NA,0
7162,7,2.75,NA,NA,0
7162,7,3.5,NA,NA,0
7163,7,2.5,2.5,1,0
7163,7,2.5,2.5,NA,0
7163,7,2.25,2.5,NA,0
7163,7,2.25,2.5,NA,0
7163,7,2.25,2.5,NA,0
7163,7,2.5,2.5,NA,0
7163,7,1,2.5,NA,0
7163,7,1,2.5,NA,0
7166,7,3.5,3.3333333333333335,NA,0
7166,7,3,3.3333333333333335,NA,0
7166,7,2.75,3.3333333333333335,NA,0
7166,7,3.25,3.3333333333333335,NA,0
7167,7,3,3.6666666666666665,2.3333333333333335,1
7167,7,2.25,3.6666666666666665,NA,1
7167,7,2.5,3.6666666666666665,NA,1
7167,7,3.25,3.6666666666666665,NA,1
7167,7,2.25,3.6666666666666665,NA,1
7167,7,2.75,3.6666666666666665,NA,1
7167,7,2,3.6666666666666665,NA,1
7167,7,2.5,3.6666666666666665,NA,1
7167,7,2.5,3.6666666666666665,NA,1
7167,7,2.75,3.6666666666666665,NA,1
7167,7,3,3.6666666666666665,NA,1
7167,7,2.75,3.6666666666666665,NA,1
7167,7,3,3.6666666666666665,NA,1
7167,7,4,3.6666666666666665,NA,1
7168,7,2.25,4,4,0
7168,7,1,4,NA,0
7168,7,3,4,NA,0
7168,7,1.75,4,NA,0
7168,7,1,4,NA,0
7168,7,4,4,NA,0
7168,7,4,4,NA,0
7169,7,3,1,3,0
7169,7,4,1,NA,0
7169,7,2.75,1,NA,0
7169,7,1,1,NA,0
7169,7,2.5,1,NA,0
7169,7,3,1,NA,0
7169,7,2.75,1,NA,0
7169,7,1.5,1,NA,0
7169,7,2.75,1,NA,0
7169,7,2.75,1,NA,0
7169,7,2.5,1,NA,0
7169,7,2.5,1,NA,0
7169,7,2.5,1,NA,0
7169,7,3,1,NA,0
7169,7,3,1,NA,0
7169,7,2.25,1,NA,0
7171,7,3.25,4,NA,1
7171,7,3.75,4,NA,1
7171,7,3.5,4,NA,1
7171,7,3.25,4,NA,1
7171,7,4,4,NA,1
7171,7,4,4,NA,1
7171,7,4,4,NA,1
7171,7,4,4,NA,1
7171,7,4,4,NA,1
7171,7,4,4,NA,1
7171,7,4,4,NA,1
7173,7,3.75,4,4,1
7173,7,4,4,NA,1
7173,7,3.75,4,NA,1
7173,7,3.75,4,NA,1
7173,7,4,4,NA,1
7173,7,4,4,NA,1
7173,7,4,4,NA,1
7173,7,2.75,4,NA,1
7173,7,4,4,NA,1
7173,7,4,4,NA,1
7173,7,4,4,NA,1
7173,7,4,4,NA,1
7174,7,3.5,3.6666666666666665,3.6666666666666665,1
7174,7,3.25,3.6666666666666665,NA,1
7174,7,3.25,3.6666666666666665,NA,1
7174,7,2.25,3.6666666666666665,NA,1
7174,7,3.75,3.6666666666666665,NA,1
7174,7,4,3.6666666666666665,NA,1
7174,7,4,3.6666666666666665,NA,1
7174,7,3.25,3.6666666666666665,NA,1
7174,7,3.75,3.6666666666666665,NA,1
7174,7,3.5,3.6666666666666665,NA,1
7174,7,4,3.6666666666666665,NA,1
7174,7,4,3.6666666666666665,NA,1
7174,7,4,3.6666666666666665,NA,1
7174,7,4,3.6666666666666665,NA,1
7174,7,4,3.6666666666666665,NA,1
7174,7,2.75,3.6666666666666665,NA,1
7174,7,3,3.6666666666666665,NA,1
7174,7,2.5,3.6666666666666665,NA,1
7174,7,2.25,3.6666666666666665,NA,1
7174,7,3,3.6666666666666665,NA,1
7174,7,1.5,3.6666666666666665,NA,1
7174,7,2.5,3.6666666666666665,NA,1
7174,7,1.75,3.6666666666666665,NA,1
7174,7,2.75,3.6666666666666665,NA,1
7175,7,4,NA,3.3333333333333335,0
7175,7,3.5,NA,NA,0
7175,7,4,NA,NA,0
7175,7,4,NA,NA,0
7175,7,4,NA,NA,0
7175,7,4,NA,NA,0
7175,7,4,NA,NA,0
7175,7,4,NA,NA,0
7175,7,4,NA,NA,0
7179,7,2,2.5,3.6666666666666665,1
7179,7,2,2.5,NA,1
7179,7,2,2.5,NA,1
7179,7,2,2.5,NA,1
7179,7,3,2.5,NA,1
7179,7,2.5,2.5,NA,1
7179,7,2.75,2.5,NA,1
7179,7,2.75,2.5,NA,1
7179,7,2.25,2.5,NA,1
7179,7,2.75,2.5,NA,1
7179,7,2,2.5,NA,1
7179,7,2.75,2.5,NA,1
7179,7,2.5,2.5,NA,1
7179,7,2.75,2.5,NA,1
7179,7,2.75,2.5,NA,1
7180,7,2,1.6666666666666667,NA,1
7181,7,3.5,NA,NA,0
7181,7,4,NA,NA,0
7181,7,1,NA,NA,0
7181,7,3.75,NA,NA,0
7181,7,3.25,NA,NA,0
7181,7,3.5,NA,NA,0
7182,7,1.6666666666666667,3,2.6666666666666665,0
7182,7,3.3333333333333335,3,NA,0
7182,7,3.6666666666666665,3,NA,0
7182,7,3,3,NA,0
7182,7,3.5,3,NA,0
7182,7,2.5,3,NA,0
7182,7,3,3,NA,0
7182,7,3,3,NA,0
7182,7,3.25,3,NA,0
7183,7,1,4,NA,1
7183,7,1,4,NA,1
7183,7,3.75,4,NA,1
7183,7,1,4,NA,1
7183,7,3.5,4,NA,1
7183,7,3.75,4,NA,1
7183,7,3.75,4,NA,1
7183,7,3.25,4,NA,1
7183,7,3.75,4,NA,1
7183,7,3.75,4,NA,1
7183,7,4,4,NA,1
7183,7,3.75,4,NA,1
7183,7,3.5,4,NA,1
7183,7,3.5,4,NA,1
7183,7,2.5,4,NA,1
7183,7,4,4,NA,1
7163,7,3.25,2.5,NA,0
7163,7,3.5,2.5,NA,0
7163,7,2.75,2.5,NA,0
7163,7,3.25,2.5,NA,0
7163,7,3.25,2.5,NA,0
7163,7,3.75,2.5,NA,0
7163,7,3.25,2.5,NA,0
7163,7,3.25,2.5,NA,0
8188,8,3.5,3.6666666666666665,4,1
8188,8,4,3.6666666666666665,NA,1
8188,8,3.75,3.6666666666666665,NA,1
8188,8,4,3.6666666666666665,NA,1
8188,8,4,3.6666666666666665,NA,1
8188,8,4,3.6666666666666665,NA,1
8188,8,4,3.6666666666666665,NA,1
8188,8,4,3.6666666666666665,NA,1
8188,8,3.25,3.6666666666666665,NA,1
8188,8,4,3.6666666666666665,NA,1
8188,8,3.25,3.6666666666666665,NA,1
8188,8,4,3.6666666666666665,NA,1
8188,8,4,3.6666666666666665,NA,1
8188,8,4,3.6666666666666665,NA,1
8188,8,4,3.6666666666666665,NA,1
8188,8,4,3.6666666666666665,NA,1
8188,8,4,3.6666666666666665,NA,1
8188,8,3.25,3.6666666666666665,NA,1
8188,8,4,3.6666666666666665,NA,1
8188,8,1,3.6666666666666665,NA,1
8188,8,3.75,3.6666666666666665,NA,1
8189,8,4,3,4,0
8189,8,4,3,NA,0
8189,8,3.5,3,NA,0
8189,8,4,3,NA,0
8189,8,4,3,NA,0
8189,8,4,3,NA,0
8189,8,4,3,NA,0
8189,8,4,3,NA,0
8189,8,4,3,NA,0
8189,8,4,3,NA,0
8189,8,1,3,NA,0
8189,8,4,3,NA,0
8189,8,4,3,NA,0
8189,8,4,3,NA,0
8189,8,1,3,NA,0
8189,8,1,3,NA,0
8189,8,1,3,NA,0
8189,8,1.25,3,NA,0
8189,8,1,3,NA,0
8190,8,3.25,3.3333333333333335,3,1
8190,8,3.25,3.3333333333333335,NA,1
8190,8,3.25,3.3333333333333335,NA,1
8190,8,4,3.3333333333333335,NA,1
8190,8,2.75,3.3333333333333335,NA,1
8190,8,2.5,3.3333333333333335,NA,1
8190,8,2.25,3.3333333333333335,NA,1
8190,8,2.5,3.3333333333333335,NA,1
8190,8,2.5,3.3333333333333335,NA,1
8190,8,3,3.3333333333333335,NA,1
8190,8,2.25,3.3333333333333335,NA,1
8190,8,2.75,3.3333333333333335,NA,1
8190,8,2.75,3.3333333333333335,NA,1
8190,8,2.5,3.3333333333333335,NA,1
8190,8,2.5,3.3333333333333335,NA,1
8190,8,2,3.3333333333333335,NA,1
8190,8,2.25,3.3333333333333335,NA,1
8190,8,2.5,3.3333333333333335,NA,1
8190,8,2.5,3.3333333333333335,NA,1
8190,8,3,3.3333333333333335,NA,1
8190,8,3,3.3333333333333335,NA,1
8190,8,2.5,3.3333333333333335,NA,1
8190,8,2.75,3.3333333333333335,NA,1
8192,8,4,1.5,NA,1
8192,8,3.5,1.5,NA,1
8192,8,3.5,1.5,NA,1
8192,8,4,1.5,NA,1
8192,8,2.5,1.5,NA,1
8192,8,1.75,1.5,NA,1
8192,8,3,1.5,NA,1
8192,8,2.5,1.5,NA,1
8194,8,2.75,4,4,0
8194,8,3.75,4,NA,0
8194,8,2.75,4,NA,0
8194,8,3.75,4,NA,0
8194,8,3.25,4,NA,0
8194,8,3.75,4,NA,0
8194,8,3,4,NA,0
8194,8,3,4,NA,0
8194,8,2.75,4,NA,0
8194,8,3,4,NA,0
8195,8,1,3.3333333333333335,NA,0
8195,8,4,3.3333333333333335,NA,0
8195,8,3,3.3333333333333335,NA,0
8195,8,2.5,3.3333333333333335,NA,0
8195,8,3,3.3333333333333335,NA,0
8197,8,4,3,4,0
8197,8,3.5,3,NA,0
8197,8,3.5,3,NA,0
8197,8,3.25,3,NA,0
8197,8,3.5,3,NA,0
8197,8,3.5,3,NA,0
8197,8,3.5,3,NA,0
8197,8,3.5,3,NA,0
8197,8,4,3,NA,0
8197,8,3.5,3,NA,0
8197,8,3.5,3,NA,0
8197,8,3.5,3,NA,0
8197,8,4,3,NA,0
8197,8,3.5,3,NA,0
8197,8,3.5,3,NA,0
8197,8,3.5,3,NA,0
8197,8,4,3,NA,0
8197,8,3.5,3,NA,0
8197,8,3.5,3,NA,0
8198,8,4,2.6666666666666665,NA,1
8198,8,3.75,2.6666666666666665,NA,1
8198,8,3.75,2.6666666666666665,NA,1
8198,8,3.25,2.6666666666666665,NA,1
8198,8,3.5,2.6666666666666665,NA,1
8198,8,3.25,2.6666666666666665,NA,1
8198,8,3.25,2.6666666666666665,NA,1
8198,8,3,2.6666666666666665,NA,1
8198,8,3,2.6666666666666665,NA,1
8198,8,3.25,2.6666666666666665,NA,1
8198,8,3.25,2.6666666666666665,NA,1
8198,8,2.75,2.6666666666666665,NA,1
8199,8,3.75,3.6666666666666665,3.6666666666666665,0
8199,8,2.5,3.6666666666666665,NA,0
8199,8,4,3.6666666666666665,NA,0
8199,8,4,3.6666666666666665,NA,0
8199,8,3.25,3.6666666666666665,NA,0
8199,8,3.5,3.6666666666666665,NA,0
8199,8,3.5,3.6666666666666665,NA,0
8199,8,2,3.6666666666666665,NA,0
8199,8,3.75,3.6666666666666665,NA,0
8199,8,3.75,3.6666666666666665,NA,0
8199,8,3.5,3.6666666666666665,NA,0
8199,8,3.25,3.6666666666666665,NA,0
8199,8,3.5,3.6666666666666665,NA,0
8199,8,3,3.6666666666666665,NA,0
8199,8,3,3.6666666666666665,NA,0
8199,8,2.25,3.6666666666666665,NA,0
8199,8,2,3.6666666666666665,NA,0
8199,8,3.5,3.6666666666666665,NA,0
8199,8,1.75,3.6666666666666665,NA,0
8199,8,3.5,3.6666666666666665,NA,0
8199,8,2.5,3.6666666666666665,NA,0
8199,8,2.5,3.6666666666666665,NA,0
8199,8,1.75,3.6666666666666665,NA,0
8199,8,2.5,3.6666666666666665,NA,0
8204,8,3.5,3,3,0
8204,8,3.5,3,NA,0
8204,8,2,3,NA,0
8204,8,3.25,3,NA,0
8204,8,3.25,3,NA,0
8204,8,3,3,NA,0
8204,8,2,3,NA,0
8204,8,3,3,NA,0
8204,8,2,3,NA,0
8204,8,3,3,NA,0
8204,8,3,3,NA,0
8204,8,2.5,3,NA,0
8204,8,3,3,NA,0
8204,8,3,3,NA,0
8204,8,3,3,NA,0
8204,8,3,3,NA,0
8204,8,3,3,NA,0
8204,8,3,3,NA,0
8204,8,3,3,NA,0
8204,8,3,3,NA,0
8204,8,3,3,NA,0
8204,8,3,3,NA,0
8205,8,3.75,3.6666666666666665,3.6666666666666665,0
8205,8,1.25,3.6666666666666665,NA,0
8205,8,2.5,3.6666666666666665,NA,0
8205,8,1.5,3.6666666666666665,NA,0
8205,8,3.5,3.6666666666666665,NA,0
8205,8,2,3.6666666666666665,NA,0
8205,8,3.75,3.6666666666666665,NA,0
8205,8,1.75,3.6666666666666665,NA,0
8205,8,3.25,3.6666666666666665,NA,0
8205,8,3.25,3.6666666666666665,NA,0
8205,8,3.25,3.6666666666666665,NA,0
8205,8,2.5,3.6666666666666665,NA,0
8205,8,2,3.6666666666666665,NA,0
8205,8,3,3.6666666666666665,NA,0
8205,8,3,3.6666666666666665,NA,0
8205,8,3,3.6666666666666665,NA,0
8205,8,2.25,3.6666666666666665,NA,0
8205,8,2.25,3.6666666666666665,NA,0
8205,8,2.5,3.6666666666666665,NA,0
8205,8,4,3.6666666666666665,NA,0
8206,8,2.5,3,2,0
8206,8,2.5,3,NA,0
8206,8,2.75,3,NA,0
8206,8,3.25,3,NA,0
8206,8,3,3,NA,0
8206,8,3.5,3,NA,0
8206,8,3,3,NA,0
8206,8,2,3,NA,0
8206,8,2.5,3,NA,0
8206,8,2.5,3,NA,0
8206,8,2,3,NA,0
8206,8,2.25,3,NA,0
8207,8,2.75,2.3333333333333335,3,0
8207,8,2.25,2.3333333333333335,NA,0
8207,8,2.25,2.3333333333333335,NA,0
8207,8,1,2.3333333333333335,NA,0
8207,8,1,2.3333333333333335,NA,0
8207,8,1,2.3333333333333335,NA,0
8207,8,1,2.3333333333333335,NA,0
8207,8,1,2.3333333333333335,NA,0
8207,8,1,2.3333333333333335,NA,0
8207,8,1,2.3333333333333335,NA,0
8207,8,1,2.3333333333333335,NA,0
8207,8,1,2.3333333333333335,NA,0
8207,8,1,2.3333333333333335,NA,0
8207,8,1,2.3333333333333335,NA,0
8207,8,1,2.3333333333333335,NA,0
8208,8,3,3.3333333333333335,1.6666666666666667,0
8208,8,3,3.3333333333333335,NA,0
8208,8,2.75,3.3333333333333335,NA,0
8208,8,3,3.3333333333333335,NA,0
8208,8,3.5,3.3333333333333335,NA,0
8208,8,2,3.3333333333333335,NA,0
8208,8,3,3.3333333333333335,NA,0
8208,8,3.25,3.3333333333333335,NA,0
8208,8,3.5,3.3333333333333335,NA,0
8208,8,2.75,3.3333333333333335,NA,0
8208,8,2.75,3.3333333333333335,NA,0
8208,8,2.25,3.3333333333333335,NA,0
8208,8,3,3.3333333333333335,NA,0
8208,8,3,3.3333333333333335,NA,0
8208,8,3,3.3333333333333335,NA,0
8208,8,2.5,3.3333333333333335,NA,0
8208,8,2.75,3.3333333333333335,NA,0
8208,8,2.75,3.3333333333333335,NA,0
8208,8,3,3.3333333333333335,NA,0
8208,8,2.75,3.3333333333333335,NA,0
8208,8,2.75,3.3333333333333335,NA,0
8208,8,2.25,3.3333333333333335,NA,0
8208,8,2.5,3.3333333333333335,NA,0
8209,8,4,2.3333333333333335,3.6666666666666665,1
8209,8,3.75,2.3333333333333335,NA,1
8209,8,4,2.3333333333333335,NA,1
8209,8,3.75,2.3333333333333335,NA,1
8209,8,2.75,2.3333333333333335,NA,1
8209,8,4,2.3333333333333335,NA,1
8209,8,3,2.3333333333333335,NA,1
8209,8,4,2.3333333333333335,NA,1
8209,8,3.25,2.3333333333333335,NA,1
8209,8,3.25,2.3333333333333335,NA,1
8209,8,4,2.3333333333333335,NA,1
8209,8,4,2.3333333333333335,NA,1
8209,8,4,2.3333333333333335,NA,1
8209,8,4,2.3333333333333335,NA,1
8209,8,4,2.3333333333333335,NA,1
8209,8,3.75,2.3333333333333335,NA,1
8209,8,4,2.3333333333333335,NA,1
8209,8,4,2.3333333333333335,NA,1
8209,8,4,2.3333333333333335,NA,1
8210,8,3.25,4,4,0
8210,8,3.25,4,NA,0
8210,8,4,4,NA,0
8210,8,4,4,NA,0
8210,8,4,4,NA,0
8210,8,4,4,NA,0
8210,8,4,4,NA,0
8210,8,3.5,4,NA,0
8210,8,3,4,NA,0
8210,8,4,4,NA,0
8210,8,3.5,4,NA,0
8210,8,3.25,4,NA,0
8210,8,4,4,NA,0
8210,8,3.75,4,NA,0
8210,8,4,4,NA,0
8210,8,3.5,4,NA,0
8210,8,3.75,4,NA,0
8210,8,3.25,4,NA,0
8210,8,3.25,4,NA,0
8210,8,4,4,NA,0
8210,8,3,4,NA,0
8210,8,3.75,4,NA,0
8210,8,3,4,NA,0
8210,8,3,4,NA,0
8211,8,2.75,4,4,0
8211,8,3.75,4,NA,0
8211,8,2.75,4,NA,0
8211,8,2.75,4,NA,0
8211,8,3,4,NA,0
8211,8,3,4,NA,0
8211,8,3.5,4,NA,0
8211,8,3.25,4,NA,0
8211,8,3.75,4,NA,0
8211,8,3,4,NA,0
8211,8,3.25,4,NA,0
8211,8,3,4,NA,0
8211,8,2,4,NA,0
8211,8,2,4,NA,0
8211,8,2.5,4,NA,0
8211,8,2.5,4,NA,0
8211,8,1.25,4,NA,0
8212,8,3.25,3,3,0
8212,8,3.5,3,NA,0
8212,8,3.75,3,NA,0
8212,8,4,3,NA,0
8212,8,4,3,NA,0
8212,8,3.5,3,NA,0
8212,8,1,3,NA,0
8213,8,4,4,3,1
8213,8,1.75,4,NA,1
8213,8,1,4,NA,1
8213,8,1.5,4,NA,1
8213,8,1,4,NA,1
8213,8,1,4,NA,1
8213,8,1,4,NA,1
8213,8,1,4,NA,1
8213,8,1,4,NA,1
8213,8,1.25,4,NA,1
8213,8,3,4,NA,1
8213,8,1,4,NA,1
8213,8,1.5,4,NA,1
8213,8,1.75,4,NA,1
8213,8,1,4,NA,1
8213,8,1.75,4,NA,1
8214,8,3.5,2.3333333333333335,2.6666666666666665,0
8214,8,3,2.3333333333333335,NA,0
8214,8,1,2.3333333333333335,NA,0
8214,8,3.75,2.3333333333333335,NA,0
8214,8,1.75,2.3333333333333335,NA,0
8214,8,3.5,2.3333333333333335,NA,0
8214,8,3.25,2.3333333333333335,NA,0
8214,8,3.25,2.3333333333333335,NA,0
8214,8,2.5,2.3333333333333335,NA,0
8214,8,3.75,2.3333333333333335,NA,0
8214,8,2.75,2.3333333333333335,NA,0
8214,8,2.25,2.3333333333333335,NA,0
8214,8,2.25,2.3333333333333335,NA,0
8214,8,2.5,2.3333333333333335,NA,0
8214,8,3,2.3333333333333335,NA,0
8214,8,1.75,2.3333333333333335,NA,0
8214,8,2.75,2.3333333333333335,NA,0
8214,8,2.5,2.3333333333333335,NA,0
8214,8,2.75,2.3333333333333335,NA,0
8215,8,4,4,4,1
8215,8,4,4,NA,1
8215,8,4,4,NA,1
8215,8,4,4,NA,1
8215,8,4,4,NA,1
8215,8,4,4,NA,1
8215,8,4,4,NA,1
8215,8,4,4,NA,1
8215,8,4,4,NA,1
8215,8,4,4,NA,1
8215,8,3.75,4,NA,1
8215,8,4,4,NA,1
8215,8,4,4,NA,1
8215,8,4,4,NA,1
8215,8,4,4,NA,1
8215,8,4,4,NA,1
8215,8,4,4,NA,1
8215,8,4,4,NA,1
8215,8,4,4,NA,1
8216,8,1.75,2.6666666666666665,2,1
8216,8,1.25,2.6666666666666665,NA,1
8216,8,2.5,2.6666666666666665,NA,1
8216,8,4,2.6666666666666665,NA,1
8216,8,1,2.6666666666666665,NA,1
8216,8,1,2.6666666666666665,NA,1
8216,8,4,2.6666666666666665,NA,1
8216,8,3,2.6666666666666665,NA,1
8216,8,1.5,2.6666666666666665,NA,1
8216,8,2.25,2.6666666666666665,NA,1
8216,8,1.75,2.6666666666666665,NA,1
8216,8,1.5,2.6666666666666665,NA,1
8216,8,2,2.6666666666666665,NA,1
8216,8,1.5,2.6666666666666665,NA,1
8216,8,1.75,2.6666666666666665,NA,1
8216,8,1,2.6666666666666665,NA,1
8216,8,1.75,2.6666666666666665,NA,1
9217,9,4,3.3333333333333335,2.3333333333333335,1
9217,9,3.75,3.3333333333333335,NA,1
9217,9,3.75,3.3333333333333335,NA,1
9217,9,3.75,3.3333333333333335,NA,1
9217,9,3.25,3.3333333333333335,NA,1
9217,9,4,3.3333333333333335,NA,1
9217,9,2,3.3333333333333335,NA,1
9217,9,3.75,3.3333333333333335,NA,1
9217,9,3,3.3333333333333335,NA,1
9217,9,2.75,3.3333333333333335,NA,1
9217,9,2.75,3.3333333333333335,NA,1
9217,9,2.75,3.3333333333333335,NA,1
9217,9,2.75,3.3333333333333335,NA,1
9217,9,2.75,3.3333333333333335,NA,1
9217,9,3,3.3333333333333335,NA,1
9217,9,2.75,3.3333333333333335,NA,1
9217,9,3,3.3333333333333335,NA,1
9217,9,2.75,3.3333333333333335,NA,1
9217,9,3,3.3333333333333335,NA,1
9217,9,3,3.3333333333333335,NA,1
9217,9,3,3.3333333333333335,NA,1
9217,9,3,3.3333333333333335,NA,1
9217,9,3.5,3.3333333333333335,NA,1
9217,9,3,3.3333333333333335,NA,1
9218,9,3.75,2,2.6666666666666665,1
9218,9,3.75,2,NA,1
9218,9,4,2,NA,1
9218,9,4,2,NA,1
9218,9,2.75,2,NA,1
9218,9,2.75,2,NA,1
9218,9,4,2,NA,1
9218,9,4,2,NA,1
9218,9,3.5,2,NA,1
9218,9,3.75,2,NA,1
9218,9,2.75,2,NA,1
9218,9,2.5,2,NA,1
9218,9,2,2,NA,1
9218,9,3.75,2,NA,1
9218,9,4,2,NA,1
9218,9,4,2,NA,1
9218,9,4,2,NA,1
9218,9,4,2,NA,1
9218,9,4,2,NA,1
9218,9,4,2,NA,1
9218,9,4,2,NA,1
9218,9,4,2,NA,1
9218,9,3.25,2,NA,1
9218,9,2.5,2,NA,1
9219,9,4,4,4,0
9219,9,4,4,NA,0
9219,9,4,4,NA,0
9219,9,4,4,NA,0
9219,9,4,4,NA,0
9219,9,4,4,NA,0
9219,9,4,4,NA,0
9219,9,4,4,NA,0
9219,9,4,4,NA,0
9219,9,4,4,NA,0
9219,9,4,4,NA,0
9219,9,4,4,NA,0
9219,9,4,4,NA,0
9219,9,4,4,NA,0
9219,9,4,4,NA,0
9219,9,4,4,NA,0
9219,9,4,4,NA,0
9219,9,4,4,NA,0
9219,9,4,4,NA,0
9219,9,4,4,NA,0
9219,9,4,4,NA,0
9219,9,4,4,NA,0
9219,9,4,4,NA,0
9219,9,4,4,NA,0
9220,9,3.25,NA,3.6666666666666665,1
9220,9,3.75,NA,NA,1
9220,9,4,NA,NA,1
9220,9,4,NA,NA,1
9220,9,4,NA,NA,1
9220,9,2.5,NA,NA,1
9220,9,3,NA,NA,1
9220,9,1,NA,NA,1
9220,9,3.5,NA,NA,1
9220,9,3.5,NA,NA,1
9220,9,4,NA,NA,1
9220,9,4,NA,NA,1
9220,9,3,NA,NA,1
9220,9,1.5,NA,NA,1
9220,9,2.75,NA,NA,1
9220,9,1.25,NA,NA,1
9220,9,3,NA,NA,1
9221,9,2.5,2.3333333333333335,2.6666666666666665,0
9221,9,3.25,2.3333333333333335,NA,0
9221,9,2.75,2.3333333333333335,NA,0
9221,9,3.5,2.3333333333333335,NA,0
9221,9,2.25,2.3333333333333335,NA,0
9221,9,3,2.3333333333333335,NA,0
9221,9,2.75,2.3333333333333335,NA,0
9221,9,3.25,2.3333333333333335,NA,0
9221,9,2.5,2.3333333333333335,NA,0
9221,9,2.25,2.3333333333333335,NA,0
9221,9,2.75,2.3333333333333335,NA,0
9221,9,3,2.3333333333333335,NA,0
9221,9,1.75,2.3333333333333335,NA,0
9221,9,3,2.3333333333333335,NA,0
9221,9,2.75,2.3333333333333335,NA,0
9221,9,2,2.3333333333333335,NA,0
9221,9,2.75,2.3333333333333335,NA,0
9221,9,3,2.3333333333333335,NA,0
9221,9,2.75,2.3333333333333335,NA,0
9221,9,1.75,2.3333333333333335,NA,0
9239,9,2.75,2.6666666666666665,3,1
9239,9,3,2.6666666666666665,NA,1
9239,9,3,2.6666666666666665,NA,1
9239,9,3,2.6666666666666665,NA,1
9239,9,3.5,2.6666666666666665,NA,1
9239,9,3,2.6666666666666665,NA,1
9239,9,2.75,2.6666666666666665,NA,1
9239,9,3,2.6666666666666665,NA,1
9239,9,2.75,2.6666666666666665,NA,1
9239,9,4,2.6666666666666665,NA,1
9239,9,3,2.6666666666666665,NA,1
9239,9,3,2.6666666666666665,NA,1
9239,9,3,2.6666666666666665,NA,1
9239,9,4,2.6666666666666665,NA,1
9239,9,3.25,2.6666666666666665,NA,1
9239,9,3,2.6666666666666665,NA,1
9224,9,3.5,1,1,1
9224,9,2.25,1,NA,1
9224,9,1.5,1,NA,1
9224,9,2.25,1,NA,1
9224,9,2.75,1,NA,1
9224,9,2.25,1,NA,1
9224,9,2,1,NA,1
9224,9,2.5,1,NA,1
9224,9,2.5,1,NA,1
9224,9,2.25,1,NA,1
9224,9,2.75,1,NA,1
9224,9,2.5,1,NA,1
9224,9,2.5,1,NA,1
9224,9,3,1,NA,1
9224,9,2.75,1,NA,1
9224,9,2.25,1,NA,1
9224,9,2.75,1,NA,1
9224,9,2.25,1,NA,1
9224,9,3,1,NA,1
9224,9,2.25,1,NA,1
9224,9,2.75,1,NA,1
9224,9,2.25,1,NA,1
9224,9,2.25,1,NA,1
9224,9,2.75,1,NA,1
9225,9,3,3,NA,0
9225,9,2.75,3,NA,0
9225,9,3,3,NA,0
9225,9,2.75,3,NA,0
9225,9,2,3,NA,0
9225,9,3,3,NA,0
9225,9,1.25,3,NA,0
9225,9,3.25,3,NA,0
9225,9,2.75,3,NA,0
9225,9,2.5,3,NA,0
9225,9,2.5,3,NA,0
9228,9,1.25,2,1.6666666666666667,1
9228,9,1.25,2,NA,1
9228,9,1.75,2,NA,1
9228,9,1.75,2,NA,1
9228,9,1.25,2,NA,1
9228,9,1.75,2,NA,1
9228,9,1.75,2,NA,1
9228,9,1.5,2,NA,1
9228,9,1,2,NA,1
9228,9,1.5,2,NA,1
9228,9,1.5,2,NA,1
9228,9,2,2,NA,1
9229,9,1,3.3333333333333335,2.6666666666666665,1
9229,9,1.5,3.3333333333333335,NA,1
9229,9,1.5,3.3333333333333335,NA,1
9229,9,3,3.3333333333333335,NA,1
9229,9,3,3.3333333333333335,NA,1
9229,9,3,3.3333333333333335,NA,1
9229,9,4,3.3333333333333335,NA,1
9229,9,4,3.3333333333333335,NA,1
9229,9,4,3.3333333333333335,NA,1
9229,9,2.75,3.3333333333333335,NA,1
9229,9,1.5,3.3333333333333335,NA,1
9229,9,3,3.3333333333333335,NA,1
9229,9,1,3.3333333333333335,NA,1
9229,9,1.5,3.3333333333333335,NA,1
9229,9,3.5,3.3333333333333335,NA,1
9229,9,1,3.3333333333333335,NA,1
9229,9,3,3.3333333333333335,NA,1
9229,9,1,3.3333333333333335,NA,1
9229,9,1,3.3333333333333335,NA,1
9229,9,3,3.3333333333333335,NA,1
9229,9,1,3.3333333333333335,NA,1
9229,9,2,3.3333333333333335,NA,1
9229,9,1,3.3333333333333335,NA,1
9231,9,2.5,3,4,1
9231,9,3.5,3,NA,1
9231,9,4,3,NA,1
9231,9,3,3,NA,1
9231,9,3.5,3,NA,1
9231,9,2.25,3,NA,1
9231,9,3.5,3,NA,1
9231,9,3.25,3,NA,1
9231,9,3.25,3,NA,1
9231,9,3.75,3,NA,1
9231,9,3,3,NA,1
9231,9,3.75,3,NA,1
9231,9,2.5,3,NA,1
9231,9,3.75,3,NA,1
9231,9,3.5,3,NA,1
9231,9,2.75,3,NA,1
9231,9,2.75,3,NA,1
9231,9,3.75,3,NA,1
9231,9,4,3,NA,1
9231,9,3,3,NA,1
9231,9,3.25,3,NA,1
9231,9,2.5,3,NA,1
9231,9,2.25,3,NA,1
9231,9,2.75,3,NA,1
9235,9,3.75,3,3.6666666666666665,0
9235,9,3.5,3,NA,0
9235,9,3,3,NA,0
9235,9,3.75,3,NA,0
9235,9,3.5,3,NA,0
9235,9,3.25,3,NA,0
9235,9,3.25,3,NA,0
9235,9,3.5,3,NA,0
9235,9,1,3,NA,0
9235,9,1,3,NA,0
9235,9,3,3,NA,0
9235,9,3,3,NA,0
9235,9,3.5,3,NA,0
9235,9,3.75,3,NA,0
9235,9,4,3,NA,0
9235,9,3.75,3,NA,0
9235,9,3.5,3,NA,0
9235,9,4,3,NA,0
9235,9,3.5,3,NA,0
9235,9,3.75,3,NA,0
9235,9,3.75,3,NA,0
9235,9,3.5,3,NA,0
9235,9,3.75,3,NA,0
9235,9,3.75,3,NA,0
9237,9,1,2,4,1
9237,9,3.75,2,NA,1
9237,9,4,2,NA,1
9237,9,4,2,NA,1
9237,9,1,2,NA,1
9237,9,2,2,NA,1
9237,9,2.25,2,NA,1
9237,9,4,2,NA,1
9237,9,1,2,NA,1
9237,9,1.5,2,NA,1
9237,9,3.25,2,NA,1
9237,9,3.25,2,NA,1
9237,9,2.5,2,NA,1
9237,9,2.25,2,NA,1
9237,9,3.75,2,NA,1
9237,9,2,2,NA,1
9237,9,3.25,2,NA,1
9237,9,3.5,2,NA,1
9237,9,3.75,2,NA,1
9237,9,4,2,NA,1
9241,9,3.25,2,3.6666666666666665,1
9241,9,3.75,2,NA,1
9241,9,4,2,NA,1
9241,9,4,2,NA,1
9241,9,3,2,NA,1
9241,9,3,2,NA,1
9241,9,2.75,2,NA,1
9241,9,3,2,NA,1
9241,9,2.5,2,NA,1
9241,9,2.75,2,NA,1
9241,9,3.25,2,NA,1
9241,9,2.75,2,NA,1
9241,9,2.5,2,NA,1
9241,9,3,2,NA,1
9241,9,2.75,2,NA,1
9241,9,2.75,2,NA,1
9241,9,2.75,2,NA,1
9241,9,3.75,2,NA,1
9241,9,3,2,NA,1
9241,9,3,2,NA,1
9241,9,3,2,NA,1
9241,9,4,2,NA,1
9241,9,2.5,2,NA,1
9241,9,3,2,NA,1
9240,9,3.75,4,4,1
9240,9,4,4,NA,1
9240,9,2.75,4,NA,1
9240,9,3.25,4,NA,1
9240,9,3.25,4,NA,1
9240,9,4,4,NA,1
9240,9,4,4,NA,1
9240,9,3.5,4,NA,1
9240,9,1,4,NA,1
9240,9,1.25,4,NA,1
9240,9,1.75,4,NA,1
9240,9,3,4,NA,1
9240,9,4,4,NA,1
9240,9,4,4,NA,1
9240,9,3.25,4,NA,1
9240,9,3.75,4,NA,1
9240,9,4,4,NA,1
9240,9,2.5,4,NA,1
9240,9,1,4,NA,1
9240,9,3.25,4,NA,1
9240,9,3.75,4,NA,1
9240,9,3.5,4,NA,1
9240,9,2.25,4,NA,1
9240,9,2.75,4,NA,1
9242,9,3.5,4,4,0
9242,9,3.5,4,NA,0
9242,9,4,4,NA,0
9242,9,3.25,4,NA,0
9242,9,3.25,4,NA,0
9242,9,4,4,NA,0
9242,9,4,4,NA,0
9242,9,4,4,NA,0
9242,9,4,4,NA,0
9242,9,3.25,4,NA,0
9242,9,3.25,4,NA,0
9242,9,3.25,4,NA,0
9242,9,3.25,4,NA,0
9242,9,4,4,NA,0
9242,9,4,4,NA,0
9242,9,4,4,NA,0
9242,9,4,4,NA,0
9242,9,4,4,NA,0
9242,9,3.25,4,NA,0
9242,9,3.25,4,NA,0
9242,9,4,4,NA,0
9242,9,3.25,4,NA,0
9242,9,4,4,NA,0
9242,9,3.25,4,NA,0
9244,9,2,3,1.6666666666666667,1
9244,9,2.5,3,NA,1
9244,9,3,3,NA,1
9244,9,3.25,3,NA,1
9244,9,2,3,NA,1
9244,9,2,3,NA,1
9244,9,1.25,3,NA,1
9244,9,3,3,NA,1
9244,9,1.75,3,NA,1
9244,9,2,3,NA,1
9244,9,2.25,3,NA,1
9244,9,2,3,NA,1
9244,9,2.25,3,NA,1
9244,9,2,3,NA,1
9244,9,2,3,NA,1
9244,9,2.25,3,NA,1
9244,9,2.25,3,NA,1
9244,9,2.5,3,NA,1
9244,9,2,3,NA,1
9244,9,2.25,3,NA,1
9245,9,4,2.6666666666666665,2.6666666666666665,0
9245,9,3.25,2.6666666666666665,NA,0
9245,9,3,2.6666666666666665,NA,0
9245,9,2.5,2.6666666666666665,NA,0
9245,9,3.75,2.6666666666666665,NA,0
9245,9,3.5,2.6666666666666665,NA,0
9245,9,3.5,2.6666666666666665,NA,0
9245,9,2.5,2.6666666666666665,NA,0
9245,9,3,2.6666666666666665,NA,0
9245,9,3.5,2.6666666666666665,NA,0
9245,9,3.75,2.6666666666666665,NA,0
9245,9,3.5,2.6666666666666665,NA,0
9245,9,3.5,2.6666666666666665,NA,0
9245,9,4,2.6666666666666665,NA,0
9246,9,3.5,3.6666666666666665,NA,0
9246,9,2.5,3.6666666666666665,NA,0
9246,9,2.75,3.6666666666666665,NA,0
9246,9,2.5,3.6666666666666665,NA,0
9246,9,2.25,3.6666666666666665,NA,0
9246,9,2.75,3.6666666666666665,NA,0
9246,9,2.25,3.6666666666666665,NA,0
9246,9,2.25,3.6666666666666665,NA,0
9246,9,3.5,3.6666666666666665,NA,0
9246,9,3.75,3.6666666666666665,NA,0
9246,9,2.5,3.6666666666666665,NA,0
9246,9,2.75,3.6666666666666665,NA,0
9246,9,2.75,3.6666666666666665,NA,0
9246,9,1.75,3.6666666666666665,NA,0
9246,9,2.75,3.6666666666666665,NA,0
9246,9,2.75,3.6666666666666665,NA,0
9246,9,2.5,3.6666666666666665,NA,0
10248,10,2.5,2.6666666666666665,1.3333333333333333,0
10248,10,3.75,2.6666666666666665,NA,0
10248,10,3.75,2.6666666666666665,NA,0
10248,10,3.25,2.6666666666666665,NA,0
10248,10,3.75,2.6666666666666665,NA,0
10248,10,4,2.6666666666666665,NA,0
10248,10,4,2.6666666666666665,NA,0
10248,10,1.75,2.6666666666666665,NA,0
10248,10,1.75,2.6666666666666665,NA,0
10248,10,3,2.6666666666666665,NA,0
10248,10,2.25,2.6666666666666665,NA,0
10248,10,1.5,2.6666666666666665,NA,0
10248,10,3.75,2.6666666666666665,NA,0
10248,10,3.25,2.6666666666666665,NA,0
10248,10,3.75,2.6666666666666665,NA,0
10248,10,2.25,2.6666666666666665,NA,0
10248,10,1.75,2.6666666666666665,NA,0
10248,10,1.75,2.6666666666666665,NA,0
10248,10,2.5,2.6666666666666665,NA,0
10248,10,2.5,2.6666666666666665,NA,0
10248,10,3.25,2.6666666666666665,NA,0
10249,10,1,3.6666666666666665,3.6666666666666665,0
10249,10,3,3.6666666666666665,NA,0
10249,10,3.25,3.6666666666666665,NA,0
10299,10,2.5,NA,2.3333333333333335,0
10299,10,3.5,NA,NA,0
10299,10,3,NA,NA,0
10299,10,3,NA,NA,0
10299,10,3,NA,NA,0
10299,10,1,NA,NA,0
10299,10,3.5,NA,NA,0
10299,10,3,NA,NA,0
10299,10,3,NA,NA,0
10299,10,3.25,NA,NA,0
10299,10,3.5,NA,NA,0
10299,10,2.5,NA,NA,0
10299,10,2.5,NA,NA,0
10299,10,4,NA,NA,0
10299,10,3.5,NA,NA,0
10299,10,3,NA,NA,0
10299,10,2.5,NA,NA,0
10299,10,2.5,NA,NA,0
10299,10,1.75,NA,NA,0
10299,10,2.75,NA,NA,0
10251,10,1.75,4,4,0
10251,10,3,4,NA,0
10251,10,3,4,NA,0
10251,10,3,4,NA,0
10251,10,3,4,NA,0
10251,10,3,4,NA,0
10251,10,3,4,NA,0
10251,10,3,4,NA,0
10251,10,3,4,NA,0
10251,10,3,4,NA,0
10251,10,3,4,NA,0
10251,10,3,4,NA,0
10251,10,3,4,NA,0
10251,10,3,4,NA,0
10251,10,3,4,NA,0
10251,10,3,4,NA,0
10251,10,3,4,NA,0
10252,10,2.5,3.6666666666666665,4,1
10252,10,4,3.6666666666666665,NA,1
10252,10,4,3.6666666666666665,NA,1
10252,10,4,3.6666666666666665,NA,1
10252,10,4,3.6666666666666665,NA,1
10252,10,4,3.6666666666666665,NA,1
10252,10,4,3.6666666666666665,NA,1
10252,10,4,3.6666666666666665,NA,1
10252,10,3.25,3.6666666666666665,NA,1
10252,10,4,3.6666666666666665,NA,1
10252,10,4,3.6666666666666665,NA,1
10252,10,4,3.6666666666666665,NA,1
10252,10,3.75,3.6666666666666665,NA,1
10252,10,4,3.6666666666666665,NA,1
10252,10,3.75,3.6666666666666665,NA,1
10252,10,4,3.6666666666666665,NA,1
10252,10,3.25,3.6666666666666665,NA,1
10252,10,3.75,3.6666666666666665,NA,1
10252,10,3.75,3.6666666666666665,NA,1
10252,10,2.5,3.6666666666666665,NA,1
10252,10,3.75,3.6666666666666665,NA,1
10252,10,3.5,3.6666666666666665,NA,1
10252,10,3.5,3.6666666666666665,NA,1
10253,10,1,2.3333333333333335,3,0
10253,10,4,2.3333333333333335,NA,0
10253,10,4,2.3333333333333335,NA,0
10253,10,4,2.3333333333333335,NA,0
10253,10,4,2.3333333333333335,NA,0
10253,10,4,2.3333333333333335,NA,0
10253,10,4,2.3333333333333335,NA,0
10253,10,4,2.3333333333333335,NA,0
10253,10,4,2.3333333333333335,NA,0
10253,10,4,2.3333333333333335,NA,0
10253,10,4,2.3333333333333335,NA,0
10253,10,4,2.3333333333333335,NA,0
10253,10,4,2.3333333333333335,NA,0
10253,10,4,2.3333333333333335,NA,0
10253,10,4,2.3333333333333335,NA,0
10253,10,4,2.3333333333333335,NA,0
10253,10,4,2.3333333333333335,NA,0
10255,10,3,1,NA,0
10255,10,1.75,1,NA,0
10255,10,3,1,NA,0
10255,10,3.5,1,NA,0
10255,10,2.5,1,NA,0
10255,10,2.5,1,NA,0
10255,10,2.5,1,NA,0
10257,10,1.25,3.3333333333333335,2,0
10257,10,3,3.3333333333333335,NA,0
10257,10,2.5,3.3333333333333335,NA,0
10257,10,3,3.3333333333333335,NA,0
10257,10,2.5,3.3333333333333335,NA,0
10257,10,2.25,3.3333333333333335,NA,0
10257,10,2.25,3.3333333333333335,NA,0
10257,10,2.5,3.3333333333333335,NA,0
10257,10,1.75,3.3333333333333335,NA,0
10257,10,2.75,3.3333333333333335,NA,0
10257,10,2.75,3.3333333333333335,NA,0
10258,10,2.75,1,2,0
10258,10,2.75,1,NA,0
10258,10,2.5,1,NA,0
10258,10,2.75,1,NA,0
10258,10,2.75,1,NA,0
10258,10,3,1,NA,0
10258,10,3,1,NA,0
10258,10,2,1,NA,0
10259,10,3.75,2,3,1
10259,10,3.5,2,NA,1
10259,10,3.75,2,NA,1
10259,10,3.5,2,NA,1
10259,10,4,2,NA,1
10259,10,3.75,2,NA,1
10259,10,3.5,2,NA,1
10259,10,4,2,NA,1
10259,10,3.5,2,NA,1
10259,10,4,2,NA,1
10259,10,4,2,NA,1
10260,10,4,3,2,1
10260,10,4,3,NA,1
10260,10,4,3,NA,1
10260,10,4,3,NA,1
10260,10,4,3,NA,1
10260,10,4,3,NA,1
10260,10,4,3,NA,1
10260,10,4,3,NA,1
10260,10,4,3,NA,1
10260,10,4,3,NA,1
10260,10,4,3,NA,1
10260,10,4,3,NA,1
10260,10,4,3,NA,1
10261,10,2.75,2.3333333333333335,2.3333333333333335,0
10261,10,3.75,2.3333333333333335,NA,0
10261,10,3.75,2.3333333333333335,NA,0
10261,10,3.75,2.3333333333333335,NA,0
10261,10,2.5,2.3333333333333335,NA,0
10262,10,3.75,2.6666666666666665,2,1
10262,10,3,2.6666666666666665,NA,1
10262,10,3,2.6666666666666665,NA,1
10262,10,2.5,2.6666666666666665,NA,1
10262,10,2.5,2.6666666666666665,NA,1
10262,10,3.75,2.6666666666666665,NA,1
10262,10,3,2.6666666666666665,NA,1
10262,10,2.75,2.6666666666666665,NA,1
10262,10,2.5,2.6666666666666665,NA,1
10262,10,2.5,2.6666666666666665,NA,1
10262,10,2.5,2.6666666666666665,NA,1
10262,10,2.75,2.6666666666666665,NA,1
10262,10,2.75,2.6666666666666665,NA,1
10262,10,2.5,2.6666666666666665,NA,1
10262,10,2.75,2.6666666666666665,NA,1
10262,10,2.5,2.6666666666666665,NA,1
10262,10,2.25,2.6666666666666665,NA,1
10262,10,2.75,2.6666666666666665,NA,1
10263,10,1.75,2.3333333333333335,NA,0
10263,10,1.75,2.3333333333333335,NA,0
10263,10,2.25,2.3333333333333335,NA,0
10263,10,3.25,2.3333333333333335,NA,0
10263,10,2.75,2.3333333333333335,NA,0
10263,10,2.75,2.3333333333333335,NA,0
10263,10,2.25,2.3333333333333335,NA,0
10263,10,2.75,2.3333333333333335,NA,0
10263,10,2.75,2.3333333333333335,NA,0
10263,10,1,2.3333333333333335,NA,0
10263,10,3.5,2.3333333333333335,NA,0
10263,10,1,2.3333333333333335,NA,0
10263,10,1.25,2.3333333333333335,NA,0
10263,10,2.25,2.3333333333333335,NA,0
10263,10,1.75,2.3333333333333335,NA,0
10265,10,3,2,2,1
10265,10,4,2,NA,1
10265,10,3,2,NA,1
10265,10,4,2,NA,1
10265,10,4,2,NA,1
10265,10,4,2,NA,1
10265,10,4,2,NA,1
10266,10,2,3.3333333333333335,NA,1
10266,10,3.25,3.3333333333333335,NA,1
10266,10,3.25,3.3333333333333335,NA,1
10266,10,3.75,3.3333333333333335,NA,1
10267,10,1,1.6666666666666667,1.6666666666666667,1
10267,10,3.5,1.6666666666666667,NA,1
10267,10,3,1.6666666666666667,NA,1
10267,10,3.75,1.6666666666666667,NA,1
10267,10,2,1.6666666666666667,NA,1
10267,10,2.25,1.6666666666666667,NA,1
10267,10,1.75,1.6666666666666667,NA,1
10267,10,2.5,1.6666666666666667,NA,1
10267,10,2.5,1.6666666666666667,NA,1
10267,10,2.25,1.6666666666666667,NA,1
10267,10,1.5,1.6666666666666667,NA,1
10267,10,3,1.6666666666666667,NA,1
10267,10,2.25,1.6666666666666667,NA,1
10267,10,3,1.6666666666666667,NA,1
10267,10,2,1.6666666666666667,NA,1
10267,10,3,1.6666666666666667,NA,1
10267,10,3,1.6666666666666667,NA,1
10267,10,3,1.6666666666666667,NA,1
10267,10,2.5,1.6666666666666667,NA,1
10267,10,3,1.6666666666666667,NA,1
10267,10,3,1.6666666666666667,NA,1
10267,10,3,1.6666666666666667,NA,1
10267,10,3,1.6666666666666667,NA,1
10268,10,2,2.3333333333333335,2.3333333333333335,0
10268,10,2.5,2.3333333333333335,NA,0
10268,10,1.75,2.3333333333333335,NA,0
10268,10,2.75,2.3333333333333335,NA,0
10268,10,3,2.3333333333333335,NA,0
10268,10,3,2.3333333333333335,NA,0
10268,10,3,2.3333333333333335,NA,0
10268,10,2.5,2.3333333333333335,NA,0
10268,10,2.75,2.3333333333333335,NA,0
10268,10,3,2.3333333333333335,NA,0
10268,10,2.5,2.3333333333333335,NA,0
10268,10,3,2.3333333333333335,NA,0
10268,10,2.75,2.3333333333333335,NA,0
10268,10,3,2.3333333333333335,NA,0
10268,10,3,2.3333333333333335,NA,0
10268,10,3,2.3333333333333335,NA,0
10268,10,2.5,2.3333333333333335,NA,0
10268,10,2,2.3333333333333335,NA,0
10268,10,3,2.3333333333333335,NA,0
10268,10,2,2.3333333333333335,NA,0
10269,10,3.75,1.3333333333333333,4,1
10269,10,4,1.3333333333333333,NA,1
10269,10,3.25,1.3333333333333333,NA,1
10269,10,1.75,1.3333333333333333,NA,1
10269,10,3.25,1.3333333333333333,NA,1
10269,10,4,1.3333333333333333,NA,1
10270,10,3,NA,NA,1
10270,10,3,NA,NA,1
10270,10,2,NA,NA,1
10270,10,3,NA,NA,1
10270,10,4,NA,NA,1
10270,10,3.75,NA,NA,1
10270,10,1,NA,NA,1
10270,10,3.75,NA,NA,1
10270,10,2.75,NA,NA,1
10270,10,3,NA,NA,1
10270,10,3.75,NA,NA,1
10270,10,4,NA,NA,1
10270,10,1.25,NA,NA,1
10270,10,4,NA,NA,1
10270,10,3.25,NA,NA,1
10270,10,4,NA,NA,1
10271,10,1.75,2.6666666666666665,NA,0
10271,10,4,2.6666666666666665,NA,0
10271,10,3.75,2.6666666666666665,NA,0
10271,10,3.25,2.6666666666666665,NA,0
10271,10,3.5,2.6666666666666665,NA,0
10271,10,3.25,2.6666666666666665,NA,0
10271,10,3.75,2.6666666666666665,NA,0
10271,10,3,2.6666666666666665,NA,0
10271,10,1,2.6666666666666665,NA,0
10271,10,3,2.6666666666666665,NA,0
10271,10,3,2.6666666666666665,NA,0
10271,10,3,2.6666666666666665,NA,0
10272,10,3,NA,NA,0
10272,10,3,NA,NA,0
10272,10,4,NA,NA,0
10272,10,4,NA,NA,0
10272,10,3.75,NA,NA,0
10272,10,4,NA,NA,0
10273,10,1.75,NA,4,0
10273,10,1,NA,NA,0
10273,10,3,NA,NA,0
10273,10,2,NA,NA,0
10274,10,2.75,3,NA,0
10274,10,2.75,3,NA,0
10274,10,2.75,3,NA,0
10274,10,2.5,3,NA,0
10274,10,2.5,3,NA,0
10274,10,3,3,NA,0
10274,10,2.5,3,NA,0
10274,10,3,3,NA,0
10274,10,2.75,3,NA,0
10274,10,3,3,NA,0
10274,10,4,3,NA,0
10274,10,1,3,NA,0
10274,10,2.75,3,NA,0
10274,10,3.25,3,NA,0
10274,10,2,3,NA,0
10275,10,1,NA,1,0
10275,10,4,NA,NA,0
10275,10,4,NA,NA,0
10275,10,4,NA,NA,0
10275,10,4,NA,NA,0
10275,10,4,NA,NA,0
10275,10,4,NA,NA,0
10275,10,4,NA,NA,0
10275,10,4,NA,NA,0
10275,10,4,NA,NA,0
10275,10,4,NA,NA,0
10275,10,4,NA,NA,0
10275,10,4,NA,NA,0
10275,10,4,NA,NA,0
10275,10,4,NA,NA,0
10275,10,4,NA,NA,0
10275,10,4,NA,NA,0
10275,10,4,NA,NA,0
10275,10,4,NA,NA,0
10275,10,4,NA,NA,0
10275,10,4,NA,NA,0
10275,10,4,NA,NA,0
10275,10,4,NA,NA,0
10275,10,4,NA,NA,0
4277,4,2.25,4,3,0
4277,4,2.25,4,NA,0
4277,4,2.5,4,NA,0
4277,4,2.25,4,NA,0
4277,4,2,4,NA,0
4277,4,2,4,NA,0
4277,4,2.25,4,NA,0
4277,4,2,4,NA,0
4277,4,2,4,NA,0
4277,4,2,4,NA,0
4277,4,2,4,NA,0
4277,4,2.5,4,NA,0
4277,4,2,4,NA,0
4277,4,1.25,4,NA,0
4277,4,1.75,4,NA,0
4277,4,2,4,NA,0
4277,4,2,4,NA,0
4277,4,2,4,NA,0
4277,4,2,4,NA,0
4277,4,2.25,4,NA,0
4278,4,3.5,4,NA,1
4278,4,4,4,NA,1
4278,4,4,4,NA,1
4279,4,1.5,3.6666666666666665,2.6666666666666665,1
4279,4,2.25,3.6666666666666665,NA,1
4279,4,2.25,3.6666666666666665,NA,1
4279,4,1.5,3.6666666666666665,NA,1
4279,4,1.75,3.6666666666666665,NA,1
4279,4,2.5,3.6666666666666665,NA,1
4279,4,2,3.6666666666666665,NA,1
4279,4,1.5,3.6666666666666665,NA,1
4279,4,2,3.6666666666666665,NA,1
4279,4,2,3.6666666666666665,NA,1
4279,4,3,3.6666666666666665,NA,1
4279,4,2,3.6666666666666665,NA,1
4279,4,1,3.6666666666666665,NA,1
4279,4,1.75,3.6666666666666665,NA,1
4279,4,1.75,3.6666666666666665,NA,1
4279,4,2.75,3.6666666666666665,NA,1
4279,4,2.75,3.6666666666666665,NA,1
4279,4,2.75,3.6666666666666665,NA,1
4279,4,2.75,3.6666666666666665,NA,1
